date,  value, value2 ,  ago, thaz
10/06/2024,88.5000, ,88.5000,1816.70
09/06/2024,81.7000, ,81.7000,2570.06
06/06/2024,90.7000, ,90.7000,4975.87
05/06/2024,95.0000, ,95.0000,3020.48
04/06/2024,96.6000, ,96.6000,4299.38
03/06/2024,99.7000, ,99.7000,3041.73
02/06/2024,108.1000, ,108.1000,4454.62
30/05/2024,116.5000, ,116.5000,2360.15
29/05/2024,112.9000, ,112.9000,2641.27
28/05/2024,117.1000, ,117.1000,6733.78
27/05/2024,126.0000, ,126.0000,14218.36
26/05/2024,134.4000, ,134.4000,5587.20
23/05/2024,120.2000, ,120.2000,4406.48
22/05/2024,111.8000, ,111.8000,2906.56
21/05/2024,108.0000, ,108.0000,1393.38
20/05/2024,110.0000, ,110.0000,4605.77
19/05/2024,105.3000, ,105.3000,1829.14
16/05/2024,103.1000, ,103.1000,1500.37
15/05/2024,106.6000, ,106.6000,1631.68
12/05/2024,109.3000, ,109.3000,1080.14
09/05/2024,106.0000, ,106.0000,2978.36
08/05/2024,107.9000, ,107.9000,3910.42
07/05/2024,116.1000, ,116.1000,3189.15
06/05/2024,118.0000, ,118.0000,4776.74
05/05/2024,105.9000, ,105.9000,2057.35
02/05/2024,108.0000, ,108.0000,2629.67
01/05/2024,104.1000, ,104.1000,4509.60
30/04/2024,98.6000, ,98.6000,2056.93
25/04/2024,93.0000, ,93.0000,689.32
24/04/2024,89.9000, ,89.9000,2125.58
21/04/2024,93.0000, ,93.0000,1918.20
18/04/2024,86.7000, ,86.7000,4429.12
17/04/2024,81.8000, ,81.8000,2502.20
16/04/2024,85.4000, ,85.4000,1903.82
15/04/2024,82.3000, ,82.3000,2098.09
14/04/2024,76.9000, ,76.9000,819.67
11/04/2024,72.5000, ,72.5000,1075.20
10/04/2024,76.8000, ,76.8000,349.59
09/04/2024,79.0000, ,79.0000,346.78
08/04/2024,80.4000, ,80.4000,1223.50
07/04/2024,83.1000, ,83.1000,1206.92
04/04/2024,78.3000, ,78.3000,1242.20
03/04/2024,81.1000, ,81.1000,839.54
02/04/2024,82.0000, ,82.0000,3578.13
01/04/2024,82.0000, ,82.0000,3884.29
31/03/2024,76.1000, ,76.1000,1395.56
28/03/2024,74.7000, ,74.7000,521.16
27/03/2024,75.8000, ,75.8000,428.95
26/03/2024,73.9000, ,73.9000,477.82
25/03/2024,76.7000, ,76.7000,319.49
21/03/2024,77.2000, ,77.2000,804.58
20/03/2024,75.6000, ,75.6000,1845.25
19/03/2024,71.0000, ,71.0000,479.73
18/03/2024,72.1000, ,72.1000,522.93
17/03/2024,71.8000, ,71.8000,580.39
14/03/2024,69.0000, ,69.0000,2213.81
13/03/2024,71.7000, ,71.7000,5044.67
12/03/2024,62.1000, ,62.1000,495.00
11/03/2024,61.5000, ,61.5000,271.57
10/03/2024,62.6000, ,62.6000,428.40
07/03/2024,61.3000, ,61.3000,166.59
06/03/2024,61.6000, ,61.6000,342.32
05/03/2024,61.9000, ,61.9000,491.69
04/03/2024,62.3000, ,62.3000,234.75
03/03/2024,64.1000, ,64.1000,311.37
29/02/2024,63.6000, ,63.6000,2259.40
28/02/2024,60.0000, ,60.0000,416.60
26/02/2024,60.9000, ,60.9000,259.00
25/02/2024,61.8000, ,61.8000,20.57
22/02/2024,62.7000, ,62.7000,95.98
21/02/2024,63.1000, ,63.1000,257.83
20/02/2024,61.3000, ,61.3000,405.15
19/02/2024,62.5000, ,62.5000,592.92
18/02/2024,63.2000, ,63.2000,279.26
15/02/2024,65.1000, ,65.1000,371.76
14/02/2024,62.5000, ,62.5000,230.30
13/02/2024,62.4000, ,62.4000,180.60
12/02/2024,63.8000, ,63.8000,276.45
11/02/2024,64.0000, ,64.0000,399.12
08/02/2024,62.7000, ,62.7000,263.04
07/02/2024,63.8000, ,63.8000,536.86
06/02/2024,65.2000, ,65.2000,227.72
05/02/2024,65.9000, ,65.9000,339.40
04/02/2024,67.5000, ,67.5000,260.81
01/02/2024,66.6000, ,66.6000,637.69
31/01/2024,65.7000, ,65.7000,1594.15
30/01/2024,70.4000, ,70.4000,664.55
29/01/2024,72.3000, ,72.3000,877.86
28/01/2024,72.0000, ,72.0000,737.75
25/01/2024,72.8000, ,72.8000,540.77
24/01/2024,71.2000, ,71.2000,1615.27
23/01/2024,74.0000, ,74.0000,1011.71
22/01/2024,78.9000, ,78.9000,2185.30
21/01/2024,79.5000, ,79.5000,1880.29
18/01/2024,75.0000, ,75.0000,3143.16
17/01/2024,82.5000, ,82.5000,3146.88
16/01/2024,79.8000, ,79.8000,3464.11
15/01/2024,79.0000, ,79.0000,4101.92
14/01/2024,72.6000, ,72.6000,1574.25
11/01/2024,67.3000, ,67.3000,1786.68
10/01/2024,69.9000, ,69.9000,2237.79
09/01/2024,73.0000, ,73.0000,5377.14
08/01/2024,62.9000, ,62.9000,472.43
07/01/2024,63.1000, ,63.1000,240.40
04/01/2024,61.8000, ,61.8000,544.78
03/01/2024,61.7000, ,61.7000,1302.18
02/01/2024,64.7000, ,64.7000,2729.06
01/01/2024,67.4000, ,67.4000,3761.67
31/12/2023,59.4000, ,59.4000,576.40
28/12/2023,59.5000, ,59.5000,744.51
27/12/2023,60.5000, ,60.5000,326.91
26/12/2023,60.3000, ,60.3000,345.63
25/12/2023,61.8000, ,61.8000,520.20
24/12/2023,61.1000, ,61.1000,373.88
21/12/2023,61.5000, ,61.5000,2460.38
20/12/2023,61.9000, ,61.9000,897.19
19/12/2023,59.8000, ,59.8000,744.95
18/12/2023,58.7000, ,58.7000,429.01
17/12/2023,59.6000, ,59.6000,342.59
14/12/2023,59.7000, ,59.7000,1408.66
13/12/2023,58.8000, ,58.8000,336.86
12/12/2023,60.1000, ,60.1000,376.77
11/12/2023,62.1000, ,62.1000,651.25
10/12/2023,61.1000, ,61.1000,192.77
07/12/2023,61.2000, ,61.2000,445.02
06/12/2023,62.6000, ,62.6000,613.73
05/12/2023,64.7000, ,64.7000,456.72
04/12/2023,65.5000, ,65.5000,1125.96
03/12/2023,67.3000, ,67.3000,1511.82
30/11/2023,63.7000, ,63.7000,970.21
29/11/2023,62.4000, ,62.4000,419.72
28/11/2023,64.5000, ,64.5000,839.27
27/11/2023,62.7000, ,62.7000,1002.92
26/11/2023,61.3000, ,61.3000,585.85
23/11/2023,62.6000, ,62.6000,637.97
22/11/2023,64.9000, ,64.9000,2225.39
21/11/2023,69.8000, ,69.8000,5217.43
20/11/2023,63.8000, ,63.8000,557.09
19/11/2023,62.3000, ,62.3000,588.53
16/11/2023,63.0000, ,63.0000,1601.36
15/11/2023,64.7000, ,64.7000,1976.75
14/11/2023,68.8000, ,68.8000,2131.76
13/11/2023,70.6000, ,70.6000,7770.51
12/11/2023,71.0000, ,71.0000,7480.31
09/11/2023,59.1000, ,59.1000,4071.22
08/11/2023,60.1000, ,60.1000,4869.23
07/11/2023,69.0000, ,69.0000,1518.44
06/11/2023,73.8000, ,73.8000,1506.74
05/11/2023,73.6000, ,73.6000,2688.89
02/11/2023,72.7000, ,72.7000,3212.16
01/11/2023,82.1000, ,82.1000,2270.97
31/10/2023,84.3000, ,84.3000,5882.44
30/10/2023,83.0000, ,83.0000,5830.80
29/10/2023,93.6000, ,93.6000,10566.54
26/10/2023,90.0000, ,90.0000,16448.72
25/10/2023,115.7000, ,115.7000,16964.52
24/10/2023,110.0000, ,110.0000,8872.75
23/10/2023,86.3000, ,86.3000,9331.90
22/10/2023,76.5000, ,76.5000,3357.03
19/10/2023,76.0000, ,76.0000,7963.34
18/10/2023,85.9000, ,85.9000,8233.54
17/10/2023,69.0000, ,69.0000,7725.15
16/10/2023,58.3000, ,58.3000,4045.28
15/10/2023,49.9000, ,49.9000,1363.51
12/10/2023,41.8000, ,41.8000,1279.25
11/10/2023,46.1000, ,46.1000,1838.53
10/10/2023,37.0000, ,37.0000,105.52
09/10/2023,34.9000, ,34.9000,61.76
08/10/2023,34.3000, ,34.3000,211.02
05/10/2023,38.2000, ,38.2000,65.82
04/10/2023,38.4000, ,38.4000,309.83
03/10/2023,39.1000, ,39.1000,870.91
02/10/2023,41.3000, ,41.3000,2631.51
01/10/2023,30.6000, ,30.6000,10.73
28/09/2023,30.9000, ,30.9000,3.91
27/09/2023,30.7000, ,30.7000,2.84
26/09/2023,30.6000, ,30.6000,12.12
21/09/2023,30.3000, ,30.3000,22.61
20/09/2023,31.1000, ,31.1000,3.00
19/09/2023,30.6000, ,30.6000,19.28
18/09/2023,31.3000, ,31.3000,11.35
14/09/2023,31.3000, ,31.3000,24.82
13/09/2023,31.9000, ,31.9000,22.26
12/09/2023,32.5000, ,32.5000,52.59
11/09/2023,34.5000, ,34.5000,34.85
10/09/2023,34.5000, ,34.5000,2.68
07/09/2023,34.8000, ,34.8000,7.38
06/09/2023,35.5000, ,35.5000,83.33
05/09/2023,34.9000, ,34.9000,92.41
04/09/2023,33.0000, ,33.0000,47.97
03/09/2023,34.0000, ,34.0000,0.25
31/08/2023,34.2000, ,34.2000,0.74
30/08/2023,34.0000, ,34.0000,43.93
29/08/2023,33.4000, ,33.4000,92.24
28/08/2023,32.6000, ,32.6000,193.31
27/08/2023,31.2000, ,31.2000,64.13
24/08/2023,30.0000, ,30.0000,77.27
23/08/2023,30.8000, ,30.8000,42.61
22/08/2023,30.9000, ,30.9000,30.32
21/08/2023,31.0000, ,31.0000,87.95
20/08/2023,31.8000, ,31.8000,4.28
17/08/2023,32.4000, ,32.4000,32.15
16/08/2023,32.5000, ,32.5000,58.72
15/08/2023,33.5000, ,33.5000,1.94
14/08/2023,33.3000, ,33.3000,27.70
13/08/2023,33.2000, ,33.2000,14.08
10/08/2023,33.5000, ,33.5000,22.89
09/08/2023,33.9000, ,33.9000,59.88
08/08/2023,34.0000, ,34.0000,17.96
07/08/2023,33.6000, ,33.6000,45.24
06/08/2023,34.4000, ,34.4000,9.16
03/08/2023,34.1000, ,34.1000,5.76
02/08/2023,32.9000, ,32.9000,49.79
01/08/2023,33.9000, ,33.9000,25.68
31/07/2023,34.3000, ,34.3000,55.41
30/07/2023,33.7000, ,33.7000,25.65
26/07/2023,33.5000, ,33.5000,60.78
25/07/2023,33.3000, ,33.3000,72.60
24/07/2023,34.7000, ,34.7000,184.44
23/07/2023,36.6000, ,36.6000,103.12
20/07/2023,36.3000, ,36.3000,189.32
19/07/2023,37.3000, ,37.3000,804.80
18/07/2023,37.1000, ,37.1000,659.28
17/07/2023,33.2000, ,33.2000,139.40
16/07/2023,33.4000, ,33.4000,26.00
13/07/2023,33.2000, ,33.2000,21.83
12/07/2023,32.9000, ,32.9000,80.01
11/07/2023,33.6000, ,33.6000,14.26
10/07/2023,33.1000, ,33.1000,65.57
09/07/2023,32.7000, ,32.7000,63.48
06/07/2023,33.4000, ,33.4000,418.62
05/07/2023,35.9000, ,35.9000,575.52
04/07/2023,38.3000, ,38.3000,141.36
03/07/2023,37.3000, ,37.3000,130.76
02/07/2023,37.0000, ,37.0000,63.34
29/06/2023,37.3000, ,37.3000,84.61
28/06/2023,37.0000, ,37.0000,76.41
27/06/2023,36.9000, ,36.9000,7.08
26/06/2023,37.7000, ,37.7000,176.73
25/06/2023,36.0000, ,36.0000,13.19
22/06/2023,36.5000, ,36.5000,18.00
21/06/2023,37.9000, ,37.9000,36.27
20/06/2023,38.3000, ,38.3000,86.59
19/06/2023,38.1000, ,38.1000,55.46
18/06/2023,39.8000, ,39.8000,85.00
15/06/2023,38.7000, ,38.7000,141.50
14/06/2023,37.8000, ,37.8000,86.41
13/06/2023,39.1000, ,39.1000,228.07
12/06/2023,41.2000, ,41.2000,542.57
11/06/2023,37.7000, ,37.7000,252.66
08/06/2023,33.6000, ,33.6000,11.08
07/06/2023,33.8000, ,33.8000,48.61
06/06/2023,32.6000, ,32.6000,75.96
05/06/2023,32.9000, ,32.9000,122.35
04/06/2023,33.6000, ,33.6000,35.00
01/06/2023,33.9000, ,33.9000,34.91
31/05/2023,33.8000, ,33.8000,79.92
30/05/2023,35.3000, ,35.3000,14.13
29/05/2023,36.2000, ,36.2000,177.68
28/05/2023,34.2000, ,34.2000,39.99
24/05/2023,34.7000, ,34.7000,121.57
23/05/2023,34.8000, ,34.8000,171.24
22/05/2023,35.6000, ,35.6000,363.74
21/05/2023,37.8000, ,37.8000,90.35
18/05/2023,38.9000, ,38.9000,21.61
17/05/2023,40.4000, ,40.4000,27.52
16/05/2023,39.3000, ,39.3000,6.90
15/05/2023,39.4000, ,39.4000,16.83
14/05/2023,39.5000, ,39.5000,13.69
11/05/2023,40.3000, ,40.3000,119.79
10/05/2023,38.9000, ,38.9000,46.64
09/05/2023,39.5000, ,39.5000,12.19
08/05/2023,39.7000, ,39.7000,71.46
07/05/2023,40.0000, ,40.0000,95.93
04/05/2023,40.2000, ,40.2000,16.84
03/05/2023,40.6000, ,40.6000,12.22
02/05/2023,40.6000, ,40.6000,56.47
01/05/2023,41.2000, ,41.2000,10.02
30/04/2023,41.1000, ,41.1000,21.62
27/04/2023,40.9000, ,40.9000,42.04
24/04/2023,42.8000, ,42.8000,77.03
23/04/2023,40.6000, ,40.6000,34.27
20/04/2023,41.0000, ,41.0000,58.30
19/04/2023,42.4000, ,42.4000,7.05
18/04/2023,42.1000, ,42.1000,9.98
17/04/2023,43.1000, ,43.1000,30.93
16/04/2023,43.7000, ,43.7000,42.64
13/04/2023,43.4000, ,43.4000,18.08
10/04/2023,43.4000, ,43.4000,0.18
09/04/2023,43.4000, ,43.4000,1.58
04/04/2023,42.4000, ,42.4000,4.72
03/04/2023,42.4000, ,42.4000,21.87
02/04/2023,43.3000, ,43.3000,95.67
30/03/2023,44.5000, ,44.5000,8.72
29/03/2023,43.8000, ,43.8000,83.31
28/03/2023,44.8000, ,44.8000,25.57
27/03/2023,43.6000, ,43.6000,54.35
26/03/2023,42.9000, ,42.9000,1.15
23/03/2023,42.8000, ,42.8000,4.99
22/03/2023,44.1000, ,44.1000,26.08
21/03/2023,43.8000, ,43.8000,1.27
20/03/2023,43.9000, ,43.9000,16.31
19/03/2023,42.3000, ,42.3000,18.81
16/03/2023,42.1000, ,42.1000,23.85
15/03/2023,42.9000, ,42.9000,79.89
14/03/2023,43.2000, ,43.2000,83.37
13/03/2023,43.5000, ,43.5000,141.41
12/03/2023,44.9000, ,44.9000,121.71
09/03/2023,47.1000, ,47.1000,20.19
08/03/2023,46.1000, ,46.1000,49.50
06/03/2023,46.8000, ,46.8000,33.92
05/03/2023,47.5000, ,47.5000,119.01
02/03/2023,48.0000, ,48.0000,3.83
01/03/2023,47.5000, ,47.5000,47.27
28/02/2023,45.8000, ,45.8000,95.76
27/02/2023,46.1000, ,46.1000,90.28
26/02/2023,46.2000, ,46.2000,322.97
23/02/2023,48.6000, ,48.6000,117.34
22/02/2023,50.4000, ,50.4000,225.63
21/02/2023,51.6000, ,51.6000,364.53
20/02/2023,56.3000, ,56.3000,1050.72
19/02/2023,48.7000, ,48.7000,24.22
16/02/2023,48.5000, ,48.5000,47.41
15/02/2023,48.1000, ,48.1000,23.57
14/02/2023,47.9000, ,47.9000,74.43
13/02/2023,49.2000, ,49.2000,150.63
12/02/2023,47.9000, ,47.9000,118.81
09/02/2023,49.1000, ,49.1000,58.13
08/02/2023,48.8000, ,48.8000,42.23
07/02/2023,49.5000, ,49.5000,46.98
06/02/2023,49.4000, ,49.4000,40.49
05/02/2023,49.8000, ,49.8000,48.55
02/02/2023,51.1000, ,51.1000,100.94
01/02/2023,49.4000, ,49.4000,93.24
31/01/2023,49.8000, ,49.8000,88.79
30/01/2023,49.0000, ,49.0000,100.92
29/01/2023,48.6000, ,48.6000,914.40
26/01/2023,47.6000, ,47.6000,308.63
25/01/2023,51.0000, ,51.0000,155.18
24/01/2023,51.6000, ,51.6000,340.93
23/01/2023,52.3000, ,52.3000,80.62
22/01/2023,53.2000, ,53.2000,189.35
19/01/2023,54.2000, ,54.2000,314.27
18/01/2023,58.3000, ,58.3000,271.48
17/01/2023,59.4000, ,59.4000,747.18
16/01/2023,59.1000, ,59.1000,163.18
15/01/2023,59.9000, ,59.9000,935.86
12/01/2023,55.9000, ,55.9000,246.88
11/01/2023,55.6000, ,55.6000,127.52
10/01/2023,55.8000, ,55.8000,478.90
09/01/2023,57.8000, ,57.8000,908.69
08/01/2023,58.7000, ,58.7000,1157.45
05/01/2023,54.4000, ,54.4000,1167.44
04/01/2023,57.2000, ,57.2000,2251.26
03/01/2023,51.4000, ,51.4000,831.42
02/01/2023,47.6000, ,47.6000,189.77
01/01/2023,47.7000, ,47.7000,793.57
29/12/2022,44.9000, ,44.9000,827.13
28/12/2022,41.7000, ,41.7000,310.26
27/12/2022,42.9000, ,42.9000,219.97
26/12/2022,43.0000, ,43.0000,347.85
25/12/2022,45.2000, ,45.2000,114.67
22/12/2022,46.5000, ,46.5000,190.73
21/12/2022,50.4000, ,50.4000,265.27
20/12/2022,44.8000, ,44.8000,251.92
19/12/2022,46.2000, ,46.2000,140.06
18/12/2022,46.8000, ,46.8000,111.46
15/12/2022,48.2000, ,48.2000,323.95
14/12/2022,50.6000, ,50.6000,130.65
13/12/2022,52.6000, ,52.6000,164.54
12/12/2022,52.0000, ,52.0000,95.72
11/12/2022,52.4000, ,52.4000,90.03
08/12/2022,52.6000, ,52.6000,280.70
07/12/2022,54.1000, ,54.1000,635.79
06/12/2022,59.1000, ,59.1000,607.24
05/12/2022,63.0000, ,63.0000,2972.43
04/12/2022,60.7000, ,60.7000,2417.28
01/12/2022,52.5000, ,52.5000,158.20
30/11/2022,51.0000, ,51.0000,10.02
29/11/2022,51.2000, ,51.2000,46.72
28/11/2022,51.7000, ,51.7000,130.94
27/11/2022,53.2000, ,53.2000,345.20
24/11/2022,52.4000, ,52.4000,0.02
23/11/2022,52.4000, ,52.4000,3.59
22/11/2022,52.2000, ,52.2000,58.41
21/11/2022,52.1000, ,52.1000,45.97
20/11/2022,51.6000, ,51.6000,115.86
17/11/2022,49.6000, ,49.6000,129.80
16/11/2022,51.3000, ,51.3000,23.33
15/11/2022,50.9000, ,50.9000,121.23
14/11/2022,50.5000, ,50.5000,59.93
13/11/2022,52.4000, ,52.4000,146.97
10/11/2022,53.7000, ,53.7000,216.65
09/11/2022,50.0000, ,50.0000,134.88
08/11/2022,52.2000, ,52.2000,40.47
07/11/2022,53.7000, ,53.7000,27.38
06/11/2022,53.9000, ,53.9000,28.77
03/11/2022,53.3000, ,53.3000,130.07
02/11/2022,55.7000, ,55.7000,114.91
31/10/2022,54.5000, ,54.5000,193.00
30/10/2022,54.0000, ,54.0000,130.40
27/10/2022,52.8000, ,52.8000,89.27
26/10/2022,54.0000, ,54.0000,55.07
25/10/2022,54.5000, ,54.5000,89.48
24/10/2022,56.0000, ,56.0000,65.42
23/10/2022,56.9000, ,56.9000,126.03
20/10/2022,56.3000, ,56.3000,318.59
19/10/2022,57.4000, ,57.4000,1382.19
18/10/2022,63.1000, ,63.1000,2026.21
13/10/2022,51.2000, ,51.2000,476.06
12/10/2022,50.7000, ,50.7000,180.19
11/10/2022,50.1000, ,50.1000,43.52
06/10/2022,50.9000, ,50.9000,495.24
03/10/2022,50.2000, ,50.2000,330.43
02/10/2022,51.2000, ,51.2000,65.84
29/09/2022,51.5000, ,51.5000,90.06
28/09/2022,51.7000, ,51.7000,179.13
22/09/2022,54.3000, ,54.3000,131.65
21/09/2022,56.2000, ,56.2000,77.64
20/09/2022,57.7000, ,57.7000,311.60
19/09/2022,59.6000, ,59.6000,933.09
18/09/2022,56.6000, ,56.6000,134.61
15/09/2022,57.4000, ,57.4000,72.47
14/09/2022,58.2000, ,58.2000,546.60
13/09/2022,60.6000, ,60.6000,357.07
12/09/2022,63.5000, ,63.5000,170.97
11/09/2022,63.3000, ,63.3000,150.45
08/09/2022,62.8000, ,62.8000,406.77
07/09/2022,64.7000, ,64.7000,584.43
06/09/2022,67.3000, ,67.3000,111.42
05/09/2022,66.8000, ,66.8000,327.46
04/09/2022,66.3000, ,66.3000,72.52
01/09/2022,66.6000, ,66.6000,242.03
31/08/2022,70.4000, ,70.4000,654.03
30/08/2022,73.7000, ,73.7000,428.28
29/08/2022,77.6000, ,77.6000,227.63
28/08/2022,79.1000, ,79.1000,611.06
25/08/2022,85.2000, ,85.2000,404.10
24/08/2022,91.0000, ,91.0000,478.27
23/08/2022,86.4000, ,86.4000,948.32
22/08/2022,90.1000, ,90.1000,2506.41
21/08/2022,81.5000, ,81.5000,616.30
18/08/2022,76.7000, ,76.7000,1322.17
17/08/2022,81.5000, ,81.5000,5070.16
16/08/2022,75.5000, ,75.5000,1534.70
15/08/2022,67.0000, ,67.0000,525.01
14/08/2022,65.1000, ,65.1000,381.97
11/08/2022,62.4000, ,62.4000,289.04
10/08/2022,62.7000, ,62.7000,382.08
09/08/2022,66.0000, ,66.0000,1297.61
08/08/2022,66.1000, ,66.1000,1506.49
04/08/2022,57.5000, ,57.5000,59.10
03/08/2022,57.6000, ,57.6000,117.51
02/08/2022,57.3000, ,57.3000,57.77
01/08/2022,56.6000, ,56.6000,115.47
31/07/2022,57.9000, ,57.9000,229.98
28/07/2022,56.8000, ,56.8000,182.63
27/07/2022,57.8000, ,57.8000,79.90
26/07/2022,58.4000, ,58.4000,44.91
25/07/2022,58.7000, ,58.7000,86.65
24/07/2022,58.0000, ,58.0000,66.37
21/07/2022,58.1000, ,58.1000,172.01
20/07/2022,60.2000, ,60.2000,64.82
19/07/2022,59.9000, ,59.9000,38.96
18/07/2022,60.7000, ,60.7000,25.15
17/07/2022,60.5000, ,60.5000,113.05
14/07/2022,59.1000, ,59.1000,178.79
13/07/2022,61.0000, ,61.0000,149.12
12/07/2022,61.2000, ,61.2000,66.07
11/07/2022,61.4000, ,61.4000,120.00
10/07/2022,61.0000, ,61.0000,136.51
07/07/2022,58.9000, ,58.9000,248.98
06/07/2022,61.6000, ,61.6000,90.52
05/07/2022,63.1000, ,63.1000,99.15
04/07/2022,62.9000, ,62.9000,47.50
03/07/2022,64.1000, ,64.1000,51.89
30/06/2022,62.8000, ,62.8000,343.24
29/06/2022,68.3000, ,68.3000,256.39
28/06/2022,70.0000, ,70.0000,714.96
27/06/2022,61.9000, ,61.9000,212.27
26/06/2022,64.2000, ,64.2000,460.78
23/06/2022,58.3000, ,58.3000,87.28
22/06/2022,58.3000, ,58.3000,150.94
21/06/2022,59.1000, ,59.1000,506.21
20/06/2022,61.5000, ,61.5000,46.46
19/06/2022,61.0000, ,61.0000,40.16
16/06/2022,60.0000, ,60.0000,127.79
15/06/2022,61.3000, ,61.3000,76.56
14/06/2022,61.7000, ,61.7000,203.25
13/06/2022,61.6000, ,61.6000,147.41
12/06/2022,63.7000, ,63.7000,219.20
09/06/2022,67.6000, ,67.6000,53.73
08/06/2022,67.7000, ,67.7000,70.85
07/06/2022,68.0000, ,68.0000,80.31
06/06/2022,68.2000, ,68.2000,59.50
02/06/2022,69.0000, ,69.0000,252.05
01/06/2022,69.3000, ,69.3000,160.07
31/05/2022,69.4000, ,69.4000,70.99
30/05/2022,70.5000, ,70.5000,146.10
29/05/2022,69.0000, ,69.0000,159.18
26/05/2022,67.5000, ,67.5000,149.88
25/05/2022,65.1000, ,65.1000,254.45
24/05/2022,69.0000, ,69.0000,181.70
23/05/2022,70.4000, ,70.4000,318.71
22/05/2022,72.0000, ,72.0000,346.79
19/05/2022,71.3000, ,71.3000,447.30
18/05/2022,74.0000, ,74.0000,686.73
17/05/2022,75.3000, ,75.3000,1971.15
16/05/2022,71.9000, ,71.9000,431.09
15/05/2022,73.9000, ,73.9000,655.43
12/05/2022,71.5000, ,71.5000,715.07
11/05/2022,75.0000, ,75.0000,526.10
10/05/2022,73.0000, ,73.0000,502.66
09/05/2022,76.2000, ,76.2000,766.22
08/05/2022,82.0000, ,82.0000,383.27
03/05/2022,87.4000, ,87.4000,470.61
02/05/2022,86.5000, ,86.5000,875.30
01/05/2022,90.2000, ,90.2000,376.60
28/04/2022,94.6000, ,94.6000,299.55
27/04/2022,94.3000, ,94.3000,351.17
26/04/2022,100.3000, ,100.3000,642.27
25/04/2022,98.4000, ,98.4000,681.16
24/04/2022,103.8000, ,103.8000,443.70
20/04/2022,107.6000, ,107.6000,258.77
19/04/2022,109.1000, ,109.1000,142.84
18/04/2022,106.5000, ,106.5000,764.39
17/04/2022,110.7000, ,110.7000,568.88
14/04/2022,112.6000, ,112.6000,1127.67
13/04/2022,108.9000, ,108.9000,590.23
12/04/2022,104.6000, ,104.6000,345.60
11/04/2022,106.4000, ,106.4000,736.96
10/04/2022,107.6000, ,107.6000,884.34
07/04/2022,113.7000, ,113.7000,958.18
06/04/2022,112.9000, ,112.9000,1333.67
05/04/2022,121.4000, ,121.4000,2201.32
04/04/2022,126.4000, ,126.4000,6533.74
03/04/2022,118.5000, ,118.5000,6987.97
31/03/2022,105.0000, ,105.0000,7540.07
30/03/2022,91.1000, ,91.1000,1046.22
29/03/2022,89.2000, ,89.2000,456.33
28/03/2022,87.8000, ,87.8000,434.77
27/03/2022,89.9000, ,89.9000,174.40
24/03/2022,90.3000, ,90.3000,325.20
23/03/2022,92.6000, ,92.6000,74.49
22/03/2022,93.5000, ,93.5000,169.70
21/03/2022,92.7000, ,92.7000,220.82
20/03/2022,92.1000, ,92.1000,452.43
16/03/2022,90.9000, ,90.9000,2083.95
15/03/2022,91.1000, ,91.1000,101.63
14/03/2022,89.9000, ,89.9000,126.41
13/03/2022,90.1000, ,90.1000,54.84
10/03/2022,92.9000, ,92.9000,49.97
09/03/2022,94.2000, ,94.2000,179.82
08/03/2022,91.1000, ,91.1000,340.84
07/03/2022,94.9000, ,94.9000,321.94
06/03/2022,98.9000, ,98.9000,210.01
03/03/2022,100.4000, ,100.4000,267.36
02/03/2022,102.5000, ,102.5000,837.82
01/03/2022,104.1000, ,104.1000,1144.41
28/02/2022,102.3000, ,102.3000,938.99
27/02/2022,93.1000, ,93.1000,101.85
24/02/2022,88.6000, ,88.6000,481.32
23/02/2022,92.3000, ,92.3000,150.71
22/02/2022,93.8000, ,93.8000,198.25
21/02/2022,93.8000, ,93.8000,521.88
20/02/2022,91.0000, ,91.0000,234.22
17/02/2022,93.8000, ,93.8000,1145.87
16/02/2022,100.0000, ,100.0000,1964.11
15/02/2022,97.8000, ,97.8000,1475.77
14/02/2022,87.6000, ,87.6000,696.44
13/02/2022,89.5000, ,89.5000,654.51
10/02/2022,94.3000, ,94.3000,1117.02
09/02/2022,93.7000, ,93.7000,2481.69
08/02/2022,97.1000, ,97.1000,6253.44
07/02/2022,111.5000, ,111.5000,1506.15
06/02/2022,104.0000, ,104.0000,3174.17
03/02/2022,104.0000, ,104.0000,2050.02
02/02/2022,114.0000, ,114.0000,984.42
01/02/2022,114.8000, ,114.8000,377.27
31/01/2022,114.6000, ,114.6000,1063.83
30/01/2022,113.7000, ,113.7000,83.55
27/01/2022,114.5000, ,114.5000,1017.01
26/01/2022,115.3000, ,115.3000,293.08
25/01/2022,113.4000, ,113.4000,423.82
24/01/2022,111.9000, ,111.9000,810.26
23/01/2022,117.9000, ,117.9000,468.22
20/01/2022,119.1000, ,119.1000,680.27
19/01/2022,121.5000, ,121.5000,660.15
18/01/2022,124.8000, ,124.8000,2327.76
17/01/2022,131.8000, ,131.8000,3269.72
16/01/2022,121.1000, ,121.1000,371.32
13/01/2022,126.2000, ,126.2000,1110.04
12/01/2022,124.3000, ,124.3000,843.12
11/01/2022,118.5000, ,118.5000,244.11
10/01/2022,116.3000, ,116.3000,1075.94
09/01/2022,124.2000, ,124.2000,348.53
06/01/2022,127.7000, ,127.7000,613.91
05/01/2022,134.1000, ,134.1000,823.22
04/01/2022,136.5000, ,136.5000,1754.50
03/01/2022,134.2000, ,134.2000,3494.75
02/01/2022,139.6000, ,139.6000,2989.77
30/12/2021,125.0000, ,125.0000,2637.85
29/12/2021,117.8000, ,117.8000,1952.43
28/12/2021,116.6000, ,116.6000,1212.18
27/12/2021,117.4000, ,117.4000,1736.76
26/12/2021,123.6000, ,123.6000,808.12
23/12/2021,121.7000, ,121.7000,745.92
22/12/2021,119.8000, ,119.8000,2120.10
21/12/2021,116.6000, ,116.6000,1737.60
20/12/2021,120.9000, ,120.9000,694.93
19/12/2021,127.1000, ,127.1000,452.59
16/12/2021,130.3000, ,130.3000,1761.80
15/12/2021,132.3000, ,132.3000,667.94
14/12/2021,136.8000, ,136.8000,560.03
13/12/2021,142.3000, ,142.3000,164.82
12/12/2021,144.7000, ,144.7000,499.99
09/12/2021,144.0000, ,144.0000,653.08
08/12/2021,139.9000, ,139.9000,1017.80
07/12/2021,140.4000, ,140.4000,1487.25
06/12/2021,134.9000, ,134.9000,1263.90
05/12/2021,138.0000, ,138.0000,1101.84
02/12/2021,139.1000, ,139.1000,1852.90
01/12/2021,149.4000, ,149.4000,1146.11
30/11/2021,150.0000, ,150.0000,4240.28
29/11/2021,145.6000, ,145.6000,1727.64
28/11/2021,151.5000, ,151.5000,427.00
25/11/2021,158.5000, ,158.5000,787.49
24/11/2021,153.9000, ,153.9000,570.92
23/11/2021,156.2000, ,156.2000,336.21
22/11/2021,159.2000, ,159.2000,717.30
21/11/2021,158.7000, ,158.7000,900.82
18/11/2021,155.8000, ,155.8000,1272.43
17/11/2021,158.4000, ,158.4000,2382.96
16/11/2021,172.1000, ,172.1000,1077.58
15/11/2021,178.9000, ,178.9000,1157.68
14/11/2021,178.7000, ,178.7000,1630.37
11/11/2021,173.9000, ,173.9000,471.44
10/11/2021,171.2000, ,171.2000,1341.99
09/11/2021,179.8000, ,179.8000,741.66
08/11/2021,182.2000, ,182.2000,1058.90
07/11/2021,185.2000, ,185.2000,1406.79
04/11/2021,197.7000, ,197.7000,1540.29
03/11/2021,198.1000, ,198.1000,771.83
02/11/2021,202.2000, ,202.2000,429.69
01/11/2021,204.5000, ,204.5000,840.16
31/10/2021,208.4000, ,208.4000,798.24
28/10/2021,207.2000, ,207.2000,958.78
27/10/2021,210.5000, ,210.5000,3031.76
26/10/2021,206.9000, ,206.9000,3184.04
25/10/2021,193.7000, ,193.7000,704.94
24/10/2021,184.6000, ,184.6000,516.13
21/10/2021,184.3000, ,184.3000,394.14
20/10/2021,184.5000, ,184.5000,1565.28
19/10/2021,193.2000, ,193.2000,2741.24
18/10/2021,203.7000, ,203.7000,2556.83
17/10/2021,181.9000, ,181.9000,583.84
14/10/2021,178.2000, ,178.2000,916.23
13/10/2021,173.7000, ,173.7000,582.97
12/10/2021,172.0000, ,172.0000,1061.39
11/10/2021,167.7000, ,167.7000,305.33
10/10/2021,166.1000, ,166.1000,597.34
07/10/2021,167.0000, ,167.0000,364.87
06/10/2021,166.8000, ,166.8000,688.91
05/10/2021,170.3000, ,170.3000,682.86
04/10/2021,168.3000, ,168.3000,542.23
03/10/2021,176.7000, ,176.7000,863.79
30/09/2021,168.3000, ,168.3000,760.50
29/09/2021,172.0000, ,172.0000,1323.33
26/09/2021,178.0000, ,178.0000,2010.63
23/09/2021,191.1000, ,191.1000,897.71
22/09/2021,188.1000, ,188.1000,572.19
19/09/2021,188.5000, ,188.5000,3653.70
14/09/2021,178.4000, ,178.4000,6052.50
13/09/2021,193.9000, ,193.9000,3426.96
12/09/2021,196.0000, ,196.0000,2891.87
09/09/2021,215.3000, ,215.3000,3556.70
05/09/2021,220.8000, ,220.8000,2389.76
02/09/2021,215.0000, ,215.0000,3532.98
01/09/2021,222.3000, ,222.3000,3999.73
31/08/2021,216.1000, ,216.1000,7934.49
30/08/2021,210.4000, ,210.4000,5586.20
29/08/2021,188.7000, ,188.7000,1756.06
26/08/2021,184.0000, ,184.0000,3901.51
25/08/2021,188.8000, ,188.8000,14079.85
24/08/2021,161.0000, ,161.0000,3301.79
23/08/2021,165.0000, ,165.0000,4923.83
22/08/2021,154.1000, ,154.1000,1471.39
19/08/2021,161.4000, ,161.4000,5343.82
18/08/2021,184.4000, ,184.4000,1023.94
17/08/2021,181.2000, ,181.2000,2684.60
16/08/2021,182.4000, ,182.4000,1867.24
15/08/2021,200.6000, ,200.6000,795.33
12/08/2021,201.7000, ,201.7000,4368.75
11/08/2021,199.9000, ,199.9000,5331.38
10/08/2021,226.3000, ,226.3000,1527.92
09/08/2021,218.0000, ,218.0000,2674.35
08/08/2021,207.5000, ,207.5000,2383.07
05/08/2021,206.0000, ,206.0000,2635.62
04/08/2021,205.1000, ,205.1000,3968.50
03/08/2021,219.5000, ,219.5000,1126.36
02/08/2021,232.6000, ,232.6000,847.49
01/08/2021,236.7000, ,236.7000,1596.58
29/07/2021,220.6000, ,220.6000,775.13
28/07/2021,223.4000, ,223.4000,914.72
27/07/2021,221.7000, ,221.7000,2259.50
26/07/2021,241.5000, ,241.5000,1057.16
25/07/2021,249.3000, ,249.3000,1701.79
22/07/2021,243.5000, ,243.5000,4081.51
21/07/2021,245.0000, ,245.0000,3781.99
20/07/2021,247.6000, ,247.6000,2326.76
19/07/2021,250.0000, ,250.0000,4309.68
15/07/2021,280.0000, ,280.0000,3690.25
14/07/2021,294.5000, ,294.5000,1005.46
13/07/2021,291.7000, ,291.7000,2876.62
12/07/2021,303.5000, ,303.5000,1441.49
11/07/2021,307.8000, ,307.8000,2068.97
08/07/2021,292.0000, ,292.0000,8718.10
07/07/2021,315.5000, ,315.5000,1860.41
06/07/2021,325.4000, ,325.4000,1143.57
05/07/2021,328.3000, ,328.3000,971.50
04/07/2021,331.1000, ,331.1000,679.96
01/07/2021,326.2000, ,326.2000,2194.25
30/06/2021,331.6000, ,331.6000,3961.71
29/06/2021,324.2000, ,324.2000,5391.81
28/06/2021,334.7000, ,334.7000,2306.64
27/06/2021,339.3000, ,339.3000,2397.89
24/06/2021,342.7000, ,342.7000,3156.84
23/06/2021,336.4000, ,336.4000,5646.82
22/06/2021,335.6000, ,335.6000,5159.66
21/06/2021,334.0000, ,334.0000,1403.73
20/06/2021,340.5000, ,340.5000,570.16
17/06/2021,344.0000, ,344.0000,3847.22
16/06/2021,355.7000, ,355.7000,6634.04
15/06/2021,358.0000, ,358.0000,1430.49
14/06/2021,365.0000, ,365.0000,5260.11
13/06/2021,367.0000, ,367.0000,2267.40
10/06/2021,375.2000, ,375.2000,11151.00
09/06/2021,383.0000, ,383.0000,6603.92
08/06/2021,369.0000, ,369.0000,10550.48
07/06/2021,356.9000, ,356.9000,3097.01
06/06/2021,359.0000, ,359.0000,5348.12
03/06/2021,357.0000, ,357.0000,2636.18
02/06/2021,365.9000, ,365.9000,5147.56
01/06/2021,362.2000, ,362.2000,6002.96
31/05/2021,371.9000, ,371.9000,7933.56
30/05/2021,361.8000, ,361.8000,2255.01
27/05/2021,351.6000, ,351.6000,7112.02
26/05/2021,344.4000, ,344.4000,5076.29
25/05/2021,357.4000, ,357.4000,10782.13
24/05/2021,339.0000, ,339.0000,8692.59
23/05/2021,340.0000, ,340.0000,9011.54
20/05/2021,342.4000, ,342.4000,8876.51
19/05/2021,326.0000, ,326.0000,11476.07
18/05/2021,302.9000, ,302.9000,7866.64
13/05/2021,301.2000, ,301.2000,3310.95
12/05/2021,298.8000, ,298.8000,3562.94
11/05/2021,294.0000, ,294.0000,6157.71
10/05/2021,317.7000, ,317.7000,2015.97
09/05/2021,334.0000, ,334.0000,1721.24
06/05/2021,330.0000, ,330.0000,4187.12
05/05/2021,344.0000, ,344.0000,9833.07
04/05/2021,321.5000, ,321.5000,2678.62
03/05/2021,328.3000, ,328.3000,4053.53
02/05/2021,342.0000, ,342.0000,3601.66
29/04/2021,339.1000, ,339.1000,5579.79
28/04/2021,354.3000, ,354.3000,4746.15
27/04/2021,354.0000, ,354.0000,8153.08
26/04/2021,350.1000, ,350.1000,6599.02
25/04/2021,369.0000, ,369.0000,4220.20
22/04/2021,382.0000, ,382.0000,6929.04
21/04/2021,359.0000, ,359.0000,7595.04
20/04/2021,358.1000, ,358.1000,7019.26
19/04/2021,342.0000, ,342.0000,4983.19
18/04/2021,372.5000, ,372.5000,3452.71
13/04/2021,370.0000, ,370.0000,3254.58
12/04/2021,385.4000, ,385.4000,3057.00
11/04/2021,387.7000, ,387.7000,3246.52
08/04/2021,379.8000, ,379.8000,6153.23
07/04/2021,410.9000, ,410.9000,1552.76
06/04/2021,421.7000, ,421.7000,2198.82
05/04/2021,415.5000, ,415.5000,2598.03
04/04/2021,428.4000, ,428.4000,1699.13
01/04/2021,415.0000, ,415.0000,1572.95
31/03/2021,396.4000, ,396.4000,1566.90
30/03/2021,387.6000, ,387.6000,1978.12
29/03/2021,401.5000, ,401.5000,1113.90
25/03/2021,391.6000, ,391.6000,1344.04
24/03/2021,410.5000, ,410.5000,5185.55
22/03/2021,424.9000, ,424.9000,2232.87
21/03/2021,422.3000, ,422.3000,2518.53
18/03/2021,409.4000, ,409.4000,5316.83
17/03/2021,398.4000, ,398.4000,5231.32
16/03/2021,415.0000, ,415.0000,5491.70
15/03/2021,435.5000, ,435.5000,3361.86
14/03/2021,459.2000, ,459.2000,1757.50
11/03/2021,461.6000, ,461.6000,3176.30
10/03/2021,445.5000, ,445.5000,4202.34
09/03/2021,464.9000, ,464.9000,2435.35
08/03/2021,445.0000, ,445.0000,4520.78
07/03/2021,480.2000, ,480.2000,1454.53
04/03/2021,470.0000, ,470.0000,3822.68
03/03/2021,486.0000, ,486.0000,3121.87
02/03/2021,504.5000, ,504.5000,3517.98
01/03/2021,484.0000, ,484.0000,3797.60
28/02/2021,456.8000, ,456.8000,4573.67
25/02/2021,477.8000, ,477.8000,1914.05
24/02/2021,492.0000, ,492.0000,5901.48
23/02/2021,485.0000, ,485.0000,4699.58
22/02/2021,519.9000, ,519.9000,6642.01
21/02/2021,532.6000, ,532.6000,1502.76
18/02/2021,518.4000, ,518.4000,2421.29
17/02/2021,520.0000, ,520.0000,7124.05
16/02/2021,525.2000, ,525.2000,7422.63
15/02/2021,543.3000, ,543.3000,4603.84
14/02/2021,536.9000, ,536.9000,1010.88
11/02/2021,549.8000, ,549.8000,5408.92
10/02/2021,537.5000, ,537.5000,5814.22
09/02/2021,571.2000, ,571.2000,6132.03
08/02/2021,568.9000, ,568.9000,14245.45
07/02/2021,561.2000, ,561.2000,9520.59
04/02/2021,501.0000, ,501.0000,5714.38
03/02/2021,508.6000, ,508.6000,5244.25
02/02/2021,501.1000, ,501.1000,4592.00
01/02/2021,508.8000, ,508.8000,9939.23
31/01/2021,502.0000, ,502.0000,5797.12
28/01/2021,527.0000, ,527.0000,7474.20
27/01/2021,538.9000, ,538.9000,9014.11
26/01/2021,555.0000, ,555.0000,9480.25
25/01/2021,526.0000, ,526.0000,12892.36
24/01/2021,560.0000, ,560.0000,5783.84
21/01/2021,605.0000, ,605.0000,4829.87
20/01/2021,608.0000, ,608.0000,8366.60
19/01/2021,561.0000, ,561.0000,7366.65
18/01/2021,596.3000, ,596.3000,5444.33
17/01/2021,600.6000, ,600.6000,6485.18
14/01/2021,643.0000, ,643.0000,5557.01
13/01/2021,670.0000, ,670.0000,10302.04
12/01/2021,601.8000, ,601.8000,8881.25
11/01/2021,644.0000, ,644.0000,9156.83
10/01/2021,608.6000, ,608.6000,5328.88
07/01/2021,568.0000, ,568.0000,5053.04
06/01/2021,538.9000, ,538.9000,5162.49
05/01/2021,526.5000, ,526.5000,3588.61
04/01/2021,538.0000, ,538.0000,9651.48
03/01/2021,506.5000, ,506.5000,7850.95
31/12/2020,425.5000, ,425.5000,1853.38
30/12/2020,416.5000, ,416.5000,1823.32
29/12/2020,415.0000, ,415.0000,4412.36
28/12/2020,414.0000, ,414.0000,5336.21
27/12/2020,379.0000, ,379.0000,2505.61
24/12/2020,350.3000, ,350.3000,1075.80
23/12/2020,348.2000, ,348.2000,3565.82
22/12/2020,330.1000, ,330.1000,1823.67
21/12/2020,321.5000, ,321.5000,3788.69
20/12/2020,348.8000, ,348.8000,2412.52
17/12/2020,341.1000, ,341.1000,1369.16
16/12/2020,333.4000, ,333.4000,2853.58
15/12/2020,329.8000, ,329.8000,4857.71
14/12/2020,352.4000, ,352.4000,3107.39
13/12/2020,356.0000, ,356.0000,1919.49
10/12/2020,374.2000, ,374.2000,4729.41
09/12/2020,372.0000, ,372.0000,5493.52
08/12/2020,333.9000, ,333.9000,5152.44
07/12/2020,320.0000, ,320.0000,4879.91
06/12/2020,284.3000, ,284.3000,1841.56
03/12/2020,276.7000, ,276.7000,956.95
02/12/2020,272.5000, ,272.5000,2393.32
01/12/2020,289.1000, ,289.1000,1245.31
30/11/2020,280.1000, ,280.1000,482.08
29/11/2020,286.5000, ,286.5000,774.60
26/11/2020,274.3000, ,274.3000,1069.79
25/11/2020,260.8000, ,260.8000,1276.62
24/11/2020,275.6000, ,275.6000,915.07
23/11/2020,276.8000, ,276.8000,1315.93
22/11/2020,268.6000, ,268.6000,956.19
19/11/2020,262.0000, ,262.0000,1187.94
18/11/2020,250.0000, ,250.0000,2180.67
17/11/2020,232.3000, ,232.3000,742.72
16/11/2020,245.0000, ,245.0000,1549.48
15/11/2020,242.9000, ,242.9000,586.26
12/11/2020,240.1000, ,240.1000,2219.89
11/11/2020,226.3000, ,226.3000,729.15
10/11/2020,218.6000, ,218.6000,1252.59
09/11/2020,224.9000, ,224.9000,1609.18
08/11/2020,222.0000, ,222.0000,433.91
05/11/2020,229.0000, ,229.0000,851.27
04/11/2020,228.1000, ,228.1000,1491.87
03/11/2020,226.0000, ,226.0000,2205.42
02/11/2020,215.1000, ,215.1000,1208.94
01/11/2020,219.1000, ,219.1000,2456.19
29/10/2020,205.0000, ,205.0000,2287.32
28/10/2020,197.1000, ,197.1000,2488.22
27/10/2020,222.6000, ,222.6000,3255.44
26/10/2020,244.1000, ,244.1000,753.07
25/10/2020,255.8000, ,255.8000,1939.50
22/10/2020,262.7000, ,262.7000,1690.90
21/10/2020,271.5000, ,271.5000,1206.71
20/10/2020,265.3000, ,265.3000,1096.59
19/10/2020,270.0000, ,270.0000,3300.15
18/10/2020,256.9000, ,256.9000,1292.09
15/10/2020,252.7000, ,252.7000,2010.32
14/10/2020,260.4000, ,260.4000,4717.95
13/10/2020,242.9000, ,242.9000,2746.63
12/10/2020,240.8000, ,240.8000,4061.35
11/10/2020,230.6000, ,230.6000,1601.97
08/10/2020,245.0000, ,245.0000,2629.01
07/10/2020,251.4000, ,251.4000,1059.10
06/10/2020,256.5000, ,256.5000,2508.78
05/10/2020,245.0000, ,245.0000,1836.68
04/10/2020,221.2000, ,221.2000,1368.44
01/10/2020,210.9000, ,210.9000,5490.23
30/09/2020,221.2000, ,221.2000,3626.94
29/09/2020,210.0000, ,210.0000,3559.02
24/09/2020,193.8000, ,193.8000,1855.68
23/09/2020,191.8000, ,191.8000,3624.81
22/09/2020,199.4000, ,199.4000,2606.55
21/09/2020,196.1000, ,196.1000,2210.49
17/09/2020,195.3000, ,195.3000,5698.37
16/09/2020,192.0000, ,192.0000,3786.95
15/09/2020,181.0000, ,181.0000,4551.63
14/09/2020,168.5000, ,168.5000,1607.95
13/09/2020,154.2000, ,154.2000,1221.57
10/09/2020,161.5000, ,161.5000,1193.29
09/09/2020,168.6000, ,168.6000,1702.02
08/09/2020,165.6000, ,165.6000,3981.90
07/09/2020,175.0000, ,175.0000,5548.03
06/09/2020,150.0000, ,150.0000,935.43
03/09/2020,151.8000, ,151.8000,3821.95
02/09/2020,150.7000, ,150.7000,3947.84
01/09/2020,134.5000, ,134.5000,734.39
31/08/2020,126.0000, ,126.0000,194.70
30/08/2020,125.9000, ,125.9000,75.81
27/08/2020,123.0000, ,123.0000,423.39
26/08/2020,118.9000, ,118.9000,426.09
25/08/2020,114.6000, ,114.6000,137.46
24/08/2020,115.9000, ,115.9000,155.97
23/08/2020,111.4000, ,111.4000,90.50
20/08/2020,113.8000, ,113.8000,80.35
19/08/2020,118.4000, ,118.4000,328.04
18/08/2020,117.9000, ,117.9000,63.66
17/08/2020,117.7000, ,117.7000,142.97
16/08/2020,115.3000, ,115.3000,191.04
13/08/2020,111.4000, ,111.4000,318.49
12/08/2020,115.1000, ,115.1000,353.33
11/08/2020,123.0000, ,123.0000,3808.32
10/08/2020,117.3000, ,117.3000,1080.63
09/08/2020,129.0000, ,129.0000,1505.38
06/08/2020,117.4000, ,117.4000,777.65
05/08/2020,109.0000, ,109.0000,207.00
04/08/2020,107.2000, ,107.2000,132.94
03/08/2020,108.4000, ,108.4000,177.12
02/08/2020,112.9000, ,112.9000,190.30
29/07/2020,108.2000, ,108.2000,69.47
28/07/2020,108.7000, ,108.7000,125.34
27/07/2020,108.6000, ,108.6000,93.38
26/07/2020,104.8000, ,104.8000,59.41
23/07/2020,107.0000, ,107.0000,38.48
22/07/2020,108.9000, ,108.9000,69.59
21/07/2020,108.3000, ,108.3000,191.66
20/07/2020,107.2000, ,107.2000,206.81
19/07/2020,105.6000, ,105.6000,32.41
16/07/2020,105.0000, ,105.0000,147.24
15/07/2020,108.6000, ,108.6000,201.57
14/07/2020,105.8000, ,105.8000,302.00
13/07/2020,110.3000, ,110.3000,1145.58
12/07/2020,104.0000, ,104.0000,143.15
09/07/2020,104.8000, ,104.8000,264.15
08/07/2020,102.3000, ,102.3000,124.84
07/07/2020,104.5000, ,104.5000,229.15
06/07/2020,109.0000, ,109.0000,263.34
05/07/2020,110.8000, ,110.8000,200.67
02/07/2020,121.0000, ,121.0000,250.11
01/07/2020,120.3000, ,120.3000,1129.90
30/06/2020,114.5000, ,114.5000,352.62
29/06/2020,108.0000, ,108.0000,349.93
28/06/2020,107.7000, ,107.7000,324.40
25/06/2020,110.0000, ,110.0000,1013.14
24/06/2020,121.1000, ,121.1000,970.92
23/06/2020,122.2000, ,122.2000,1800.77
22/06/2020,114.6000, ,114.6000,954.96
21/06/2020,118.6000, ,118.6000,1479.87
18/06/2020,129.2000, ,129.2000,1087.73
17/06/2020,134.6000, ,134.6000,1030.46
16/06/2020,141.9000, ,141.9000,2852.68
15/06/2020,134.6000, ,134.6000,1641.68
14/06/2020,133.4000, ,133.4000,2915.04
11/06/2020,117.0000, ,117.0000,3074.26
10/06/2020,135.5000, ,135.5000,2051.60
09/06/2020,150.2000, ,150.2000,2747.26
08/06/2020,158.6000, ,158.6000,6391.54
04/06/2020,143.0000, ,143.0000,5131.29
03/06/2020,135.4000, ,135.4000,2948.28
02/06/2020,142.2000, ,142.2000,2927.21
01/06/2020,130.2000, ,130.2000,1601.64
31/05/2020,102.2000, ,102.2000,142.66
27/05/2020,102.9000, ,102.9000,800.88
26/05/2020,100.8000, ,100.8000,2198.49
25/05/2020,92.5000, ,92.5000,847.68
24/05/2020,76.9000, ,76.9000,502.72
21/05/2020,67.5000, ,67.5000,100.40
20/05/2020,63.4000, ,63.4000,19.03
19/05/2020,64.7000, ,64.7000,70.62
18/05/2020,64.1000, ,64.1000,79.70
17/05/2020,65.1000, ,65.1000,109.06
14/05/2020,64.8000, ,64.8000,175.14
13/05/2020,66.7000, ,66.7000,114.34
12/05/2020,68.4000, ,68.4000,221.66
11/05/2020,68.5000, ,68.5000,223.08
10/05/2020,66.7000, ,66.7000,145.15
07/05/2020,68.2000, ,68.2000,607.22
06/05/2020,70.4000, ,70.4000,1238.94
05/05/2020,60.0000, ,60.0000,352.95
04/05/2020,53.6000, ,53.6000,43.53
03/05/2020,56.8000, ,56.8000,151.92
30/04/2020,56.2000, ,56.2000,287.87
27/04/2020,53.5000, ,53.5000,391.38
26/04/2020,48.7000, ,48.7000,187.94
23/04/2020,44.6000, ,44.6000,665.84
22/04/2020,49.0000, ,49.0000,983.93
21/04/2020,49.0000, ,49.0000,73.92
20/04/2020,52.9000, ,52.9000,53.40
19/04/2020,53.6000, ,53.6000,12.33
16/04/2020,50.2000, ,50.2000,142.48
13/04/2020,50.0000, ,50.0000,0.00
12/04/2020,50.0000, ,50.0000,0.13
07/04/2020,50.0000, ,50.0000,39.54
06/04/2020,54.0000, ,54.0000,67.18
05/04/2020,51.6000, ,51.6000,24.71
02/04/2020,51.2000, ,51.2000,12.28
01/04/2020,50.3000, ,50.3000,16.53
31/03/2020,48.5000, ,48.5000,22.54
30/03/2020,46.2000, ,46.2000,24.44
29/03/2020,46.3000, ,46.3000,0.00
26/03/2020,46.3000, ,46.3000,6.67
25/03/2020,45.4000, ,45.4000,0.00
24/03/2020,45.4000, ,45.4000,1.68
23/03/2020,43.2000, ,43.2000,10.54
22/03/2020,42.0000, ,42.0000,3.66
19/03/2020,40.6000, ,40.6000,28.28
18/03/2020,37.2000, ,37.2000,6.92
17/03/2020,37.4000, ,37.4000,15.11
16/03/2020,37.5000, ,37.5000,37.22
15/03/2020,50.3000, ,50.3000,17.01
12/03/2020,53.5000, ,53.5000,11.76
11/03/2020,60.8000, ,60.8000,4.95
09/03/2020,59.5000, ,59.5000,6.61
08/03/2020,67.1000, ,67.1000,5.91
05/03/2020,70.6000, ,70.6000,25.63
04/03/2020,72.2000, ,72.2000,16.17
03/03/2020,74.0000, ,74.0000,6.36
01/03/2020,74.3000, ,74.3000,11.15
27/02/2020,74.2000, ,74.2000,4.09
26/02/2020,73.5000, ,73.5000,9.25
25/02/2020,72.4000, ,72.4000,52.62
24/02/2020,72.8000, ,72.8000,20.10
23/02/2020,72.7000, ,72.7000,20.34
20/02/2020,74.8000, ,74.8000,38.79
19/02/2020,75.0000, ,75.0000,21.00
18/02/2020,73.4000, ,73.4000,13.49
17/02/2020,73.0000, ,73.0000,14.60
16/02/2020,74.0000, ,74.0000,34.37
13/02/2020,73.8000, ,73.8000,21.87
12/02/2020,76.8000, ,76.8000,58.59
11/02/2020,78.0000, ,78.0000,161.09
10/02/2020,70.2000, ,70.2000,54.58
09/02/2020,73.2000, ,73.2000,27.39
06/02/2020,71.0000, ,71.0000,27.95
05/02/2020,72.7000, ,72.7000,16.48
04/02/2020,73.1000, ,73.1000,66.16
03/02/2020,77.1000, ,77.1000,13.83
02/02/2020,80.3000, ,80.3000,0.81
30/01/2020,80.3000, ,80.3000,28.36
29/01/2020,81.7000, ,81.7000,2.93
28/01/2020,80.2000, ,80.2000,35.87
27/01/2020,78.0000, ,78.0000,18.24
26/01/2020,82.2000, ,82.2000,0.00
23/01/2020,82.2000, ,82.2000,19.92
22/01/2020,82.2000, ,82.2000,41.60
21/01/2020,84.4000, ,84.4000,4.45
20/01/2020,85.7000, ,85.7000,56.75
19/01/2020,84.8000, ,84.8000,8.98
16/01/2020,81.9000, ,81.9000,20.47
15/01/2020,80.0000, ,80.0000,5.61
14/01/2020,77.6000, ,77.6000,11.55
13/01/2020,75.0000, ,75.0000,31.99
12/01/2020,77.5000, ,77.5000,28.46
09/01/2020,78.5000, ,78.5000,73.99
08/01/2020,79.7000, ,79.7000,51.26
07/01/2020,81.0000, ,81.0000,40.77
06/01/2020,82.7000, ,82.7000,206.56
05/01/2020,90.8000, ,90.8000,1068.64
02/01/2020,76.8000, ,76.8000,28.24
01/01/2020,77.0000, ,77.0000,104.55
31/12/2019,78.0000, ,78.0000,53.60
30/12/2019,80.1000, ,80.1000,55.57
29/12/2019,81.8000, ,81.8000,311.32
26/12/2019,85.7000, ,85.7000,401.74
25/12/2019,87.5000, ,87.5000,5396.13
24/12/2019,98.0000, ,98.0000,3.53
23/12/2019,98.2000, ,98.2000,84.14
22/12/2019,100.0000, ,100.0000,31.34
19/12/2019,100.8000, ,100.8000,1563.58
18/12/2019,95.8000, ,95.8000,432.56
17/12/2019,91.6000, ,91.6000,73.91
16/12/2019,92.9000, ,92.9000,270.47
15/12/2019,92.1000, ,92.1000,175.60
12/12/2019,84.9000, ,84.9000,206.42
11/12/2019,87.6000, ,87.6000,128.34
10/12/2019,86.9000, ,86.9000,0.01
09/12/2019,86.9000, ,86.9000,284.56
08/12/2019,92.0000, ,92.0000,283.31
05/12/2019,88.4000, ,88.4000,130.00
04/12/2019,86.7000, ,86.7000,282.87
03/12/2019,82.0000, ,82.0000,30.69
02/12/2019,82.8000, ,82.8000,32.23
01/12/2019,84.6000, ,84.6000,66.25
28/11/2019,91.0000, ,91.0000,0.01
27/11/2019,91.0000, ,91.0000,11.33
26/11/2019,89.9000, ,89.9000,38.23
25/11/2019,89.9000, ,89.9000,19.39
24/11/2019,89.0000, ,89.0000,27.64
21/11/2019,90.1000, ,90.1000,26.54
20/11/2019,89.2000, ,89.2000,2356.82
19/11/2019,94.1000, ,94.1000,544.92
18/11/2019,95.0000, ,95.0000,1272.84
17/11/2019,97.2000, ,97.2000,1463.50
14/11/2019,89.6000, ,89.6000,2264.10
13/11/2019,82.7000, ,82.7000,16.26
12/11/2019,82.3000, ,82.3000,25.22
11/11/2019,82.1000, ,82.1000,288.45
10/11/2019,81.8000, ,81.8000,246.94
07/11/2019,82.1000, ,82.1000,275.75
06/11/2019,77.0000, ,77.0000,9.60
05/11/2019,78.3000, ,78.3000,29.61
04/11/2019,81.1000, ,81.1000,215.62
03/11/2019,87.7000, ,87.7000,1754.07
31/10/2019,77.1000, ,77.1000,142.61
30/10/2019,71.6000, ,71.6000,106.63
29/10/2019,70.1000, ,70.1000,0.00
28/10/2019,70.1000, ,70.1000,7.76
27/10/2019,71.5000, ,71.5000,4.02
24/10/2019,69.8000, ,69.8000,0.01
23/10/2019,69.8000, ,69.8000,6.55
22/10/2019,68.0000, ,68.0000,44.09
17/10/2019,70.7000, ,70.7000,5.21
16/10/2019,70.0000, ,70.0000,35.40
15/10/2019,70.0000, ,70.0000,1.88
10/10/2019,69.1000, ,69.1000,35.38
07/10/2019,72.0000, ,72.0000,0.00
06/10/2019,72.0000, ,72.0000,14.98
03/10/2019,70.0000, ,70.0000,66.51
02/10/2019,68.9000, ,68.9000,35.14
26/09/2019,67.5000, ,67.5000,363.07
25/09/2019,72.6000, ,72.6000,183.13
24/09/2019,67.7000, ,67.7000,117.97
23/09/2019,65.5000, ,65.5000,4.92
22/09/2019,66.1000, ,66.1000,21.82
19/09/2019,68.4000, ,68.4000,17.91
18/09/2019,69.0000, ,69.0000,150.36
16/09/2019,73.8000, ,73.8000,3.54
15/09/2019,72.8000, ,72.8000,80.33
12/09/2019,71.6000, ,71.6000,205.03
11/09/2019,69.4000, ,69.4000,17.44
10/09/2019,70.4000, ,70.4000,29.70
09/09/2019,71.9000, ,71.9000,31.40
08/09/2019,71.5000, ,71.5000,10.69
05/09/2019,72.5000, ,72.5000,106.66
04/09/2019,76.1000, ,76.1000,61.20
03/09/2019,78.1000, ,78.1000,133.09
02/09/2019,83.2000, ,83.2000,13.33
01/09/2019,84.7000, ,84.7000,37.90
29/08/2019,82.1000, ,82.1000,41.45
28/08/2019,83.3000, ,83.3000,5.46
27/08/2019,84.0000, ,84.0000,15.04
26/08/2019,86.0000, ,86.0000,14.52
25/08/2019,84.9000, ,84.9000,1.78
22/08/2019,82.9000, ,82.9000,147.45
21/08/2019,86.2000, ,86.2000,697.79
20/08/2019,101.4000, ,101.4000,70.52
19/08/2019,100.9000, ,100.9000,15.82
18/08/2019,100.2000, ,100.2000,496.76
15/08/2019,90.6000, ,90.6000,158.72
14/08/2019,100.5000, ,100.5000,43.54
13/08/2019,102.6000, ,102.6000,0.00
12/08/2019,102.6000, ,102.6000,128.53
08/08/2019,102.0000, ,102.0000,17.41
07/08/2019,101.8000, ,101.8000,0.00
06/08/2019,101.8000, ,101.8000,9.67
05/08/2019,101.1000, ,101.1000,19.53
04/08/2019,100.5000, ,100.5000,46.94
01/08/2019,99.9000, ,99.9000,19.98
31/07/2019,96.1000, ,96.1000,12.86
30/07/2019,97.9000, ,97.9000,2.97
29/07/2019,97.8000, ,97.8000,33.84
28/07/2019,99.6000, ,99.6000,57.75
25/07/2019,99.3000, ,99.3000,11.92
24/07/2019,98.7000, ,98.7000,10.99
23/07/2019,102.3000, ,102.3000,45.69
22/07/2019,107.5000, ,107.5000,27.63
21/07/2019,106.5000, ,106.5000,12.91
18/07/2019,111.1000, ,111.1000,52.24
17/07/2019,116.8000, ,116.8000,10.00
16/07/2019,117.5000, ,117.5000,8.21
15/07/2019,119.3000, ,119.3000,34.56
14/07/2019,117.8000, ,117.8000,231.21
11/07/2019,113.1000, ,113.1000,148.31
10/07/2019,114.0000, ,114.0000,14.34
09/07/2019,114.0000, ,114.0000,32.22
08/07/2019,111.7000, ,111.7000,184.57
07/07/2019,110.6000, ,110.6000,0.60
04/07/2019,110.6000, ,110.6000,129.89
03/07/2019,109.9000, ,109.9000,33.73
02/07/2019,112.1000, ,112.1000,383.81
01/07/2019,115.5000, ,115.5000,2003.37
30/06/2019,99.1000, ,99.1000,11.36
27/06/2019,98.0000, ,98.0000,64.17
26/06/2019,96.7000, ,96.7000,110.12
25/06/2019,95.1000, ,95.1000,347.04
24/06/2019,100.0000, ,100.0000,123.59
23/06/2019,100.1000, ,100.1000,198.80
20/06/2019,100.4000, ,100.4000,261.56
19/06/2019,99.9000, ,99.9000,147.77
18/06/2019,99.7000, ,99.7000,507.08
17/06/2019,98.1000, ,98.1000,262.50
16/06/2019,109.1000, ,109.1000,213.90
13/06/2019,118.0000, ,118.0000,384.32
12/06/2019,120.0000, ,120.0000,225.73
11/06/2019,139.3000, ,139.3000,278.52
10/06/2019,151.9000, ,151.9000,4.11
06/06/2019,152.9000, ,152.9000,1.91
05/06/2019,151.0000, ,151.0000,148.22
04/06/2019,158.2000, ,158.2000,2.06
03/06/2019,154.7000, ,154.7000,2.01
02/06/2019,152.8000, ,152.8000,7.76
30/05/2019,153.9000, ,153.9000,27.16
29/05/2019,161.0000, ,161.0000,7.89
28/05/2019,156.8000, ,156.8000,367.12
27/05/2019,175.5000, ,175.5000,5.85
26/05/2019,170.9000, ,170.9000,2.05
23/05/2019,168.9000, ,168.9000,14.16
22/05/2019,174.9000, ,174.9000,7.35
21/05/2019,171.1000, ,171.1000,2.05
20/05/2019,166.6000, ,166.6000,358.18
19/05/2019,173.0000, ,173.0000,2.08
16/05/2019,168.8000, ,168.8000,6.25
15/05/2019,165.1000, ,165.1000,1.98
14/05/2019,162.0000, ,162.0000,0.00
13/05/2019,162.0000, ,162.0000,15.90
12/05/2019,167.0000, ,167.0000,7.86
07/05/2019,167.4000, ,167.4000,27.48
06/05/2019,172.2000, ,172.2000,3.87
05/05/2019,169.6000, ,169.6000,326.32
02/05/2019,174.6000, ,174.6000,104.02
01/05/2019,173.7000, ,173.7000,18.48
30/04/2019,169.0000, ,169.0000,152.57
29/04/2019,178.2000, ,178.2000,283.38
28/04/2019,171.1000, ,171.1000,363.24
24/04/2019,173.7000, ,173.7000,1406.16
23/04/2019,153.4000, ,153.4000,355.44
22/04/2019,135.9000, ,135.9000,43.72
21/04/2019,135.4000, ,135.4000,377.15
18/04/2019,131.4000, ,131.4000,1142.48
17/04/2019,170.0000, ,170.0000,2.89
16/04/2019,171.8000, ,171.8000,161.43
15/04/2019,172.0000, ,172.0000,113.53
14/04/2019,164.7000, ,164.7000,32.21
11/04/2019,164.9000, ,164.9000,150.25
10/04/2019,169.2000, ,169.2000,40.74
08/04/2019,164.1000, ,164.1000,109.61
07/04/2019,167.3000, ,167.3000,1087.95
04/04/2019,179.9000, ,179.9000,728.39
03/04/2019,187.3000, ,187.3000,255.92
02/04/2019,195.1000, ,195.1000,540.11
01/04/2019,190.3000, ,190.3000,314.57
31/03/2019,190.7000, ,190.7000,778.77
28/03/2019,198.0000, ,198.0000,170.53
27/03/2019,199.1000, ,199.1000,271.51
26/03/2019,198.3000, ,198.3000,318.67
25/03/2019,196.3000, ,196.3000,721.54
24/03/2019,196.8000, ,196.8000,2197.22
20/03/2019,243.3000, ,243.3000,62.37
19/03/2019,245.4000, ,245.4000,523.41
18/03/2019,267.3000, ,267.3000,534.65
17/03/2019,230.2000, ,230.2000,8.24
14/03/2019,231.1000, ,231.1000,195.51
13/03/2019,238.4000, ,238.4000,1563.26
12/03/2019,295.0000, ,295.0000,680.09
11/03/2019,284.1000, ,284.1000,370.78
10/03/2019,269.2000, ,269.2000,429.71
07/03/2019,247.7000, ,247.7000,415.21
06/03/2019,236.9000, ,236.9000,119.18
05/03/2019,225.3000, ,225.3000,202.15
04/03/2019,210.1000, ,210.1000,145.19
03/03/2019,208.0000, ,208.0000,140.05
28/02/2019,207.5000, ,207.5000,483.92
27/02/2019,214.8000, ,214.8000,116.64
26/02/2019,213.0000, ,213.0000,83.13
25/02/2019,209.2000, ,209.2000,234.64
24/02/2019,199.8000, ,199.8000,387.80
21/02/2019,194.0000, ,194.0000,0.02
20/02/2019,194.0000, ,194.0000,20.37
19/02/2019,195.9000, ,195.9000,10.28
18/02/2019,199.5000, ,199.5000,90.32
17/02/2019,196.9000, ,196.9000,6.53
14/02/2019,189.7000, ,189.7000,29.28
13/02/2019,195.8000, ,195.8000,72.17
12/02/2019,201.6000, ,201.6000,21.01
11/02/2019,198.6000, ,198.6000,33.35
10/02/2019,199.2000, ,199.2000,122.37
07/02/2019,200.5000, ,200.5000,1274.00
06/02/2019,238.0000, ,238.0000,804.35
05/02/2019,230.5000, ,230.5000,96.59
04/02/2019,230.4000, ,230.4000,81.57
03/02/2019,229.2000, ,229.2000,98.81
31/01/2019,215.4000, ,215.4000,151.77
30/01/2019,205.1000, ,205.1000,73.06
29/01/2019,202.3000, ,202.3000,7.91
28/01/2019,202.0000, ,202.0000,217.31
27/01/2019,192.0000, ,192.0000,47.40
24/01/2019,196.8000, ,196.8000,34.48
23/01/2019,198.4000, ,198.4000,26.22
22/01/2019,195.0000, ,195.0000,0.03
21/01/2019,195.0000, ,195.0000,24.74
20/01/2019,199.0000, ,199.0000,155.76
17/01/2019,201.5000, ,201.5000,23.95
16/01/2019,205.2000, ,205.2000,11.60
15/01/2019,204.1000, ,204.1000,0.53
14/01/2019,202.4000, ,202.4000,23.53
13/01/2019,207.2000, ,207.2000,81.09
10/01/2019,214.4000, ,214.4000,235.18
09/01/2019,216.0000, ,216.0000,0.00
08/01/2019,216.0000, ,216.0000,20.78
07/01/2019,213.8000, ,213.8000,0.00
06/01/2019,213.8000, ,213.8000,40.70
03/01/2019,217.5000, ,217.5000,101.28
02/01/2019,219.5000, ,219.5000,39.41
01/01/2019,222.1000, ,222.1000,73.02
31/12/2018,218.6000, ,218.6000,65.47
30/12/2018,205.0000, ,205.0000,62.47
27/12/2018,192.7000, ,192.7000,18.53
26/12/2018,187.4000, ,187.4000,20.59
25/12/2018,180.0000, ,180.0000,34.40
24/12/2018,178.3000, ,178.3000,35.80
23/12/2018,180.4000, ,180.4000,70.09
20/12/2018,191.9000, ,191.9000,6.16
19/12/2018,195.5000, ,195.5000,2.27
18/12/2018,195.5000, ,195.5000,46.08
17/12/2018,217.6000, ,217.6000,6.91
16/12/2018,220.8000, ,220.8000,4.95
13/12/2018,224.3000, ,224.3000,10.31
12/12/2018,222.9000, ,222.9000,34.98
11/12/2018,221.9000, ,221.9000,64.43
10/12/2018,220.6000, ,220.6000,84.05
09/12/2018,213.8000, ,213.8000,8.34
06/12/2018,221.1000, ,221.1000,15.04
05/12/2018,221.8000, ,221.8000,22.42
04/12/2018,227.5000, ,227.5000,87.71
03/12/2018,226.4000, ,226.4000,162.21
02/12/2018,204.2000, ,204.2000,73.87
29/11/2018,187.5000, ,187.5000,32.59
28/11/2018,191.0000, ,191.0000,0.00
27/11/2018,191.0000, ,191.0000,7.66
26/11/2018,189.4000, ,189.4000,10.38
25/11/2018,188.7000, ,188.7000,19.37
22/11/2018,198.3000, ,198.3000,11.56
21/11/2018,199.7000, ,199.7000,35.86
20/11/2018,204.3000, ,204.3000,5.90
19/11/2018,209.2000, ,209.2000,23.24
18/11/2018,207.1000, ,207.1000,25.61
15/11/2018,204.9000, ,204.9000,19.90
14/11/2018,210.8000, ,210.8000,37.25
13/11/2018,210.3000, ,210.3000,53.57
12/11/2018,222.6000, ,222.6000,15.41
11/11/2018,225.0000, ,225.0000,12.38
08/11/2018,222.7000, ,222.7000,31.72
07/11/2018,228.8000, ,228.8000,26.76
06/11/2018,233.5000, ,233.5000,144.69
05/11/2018,249.3000, ,249.3000,60.79
04/11/2018,251.8000, ,251.8000,18.64
01/11/2018,250.6000, ,250.6000,6.95
31/10/2018,249.9000, ,249.9000,17.52
29/10/2018,245.9000, ,245.9000,49.07
28/10/2018,238.8000, ,238.8000,3.57
25/10/2018,240.0000, ,240.0000,69.83
24/10/2018,250.9000, ,250.9000,4.68
23/10/2018,253.1000, ,253.1000,0.00
22/10/2018,253.1000, ,253.1000,57.69
21/10/2018,248.6000, ,248.6000,67.20
18/10/2018,255.7000, ,255.7000,87.19
17/10/2018,266.2000, ,266.2000,233.77
16/10/2018,299.4000, ,299.4000,75.51
15/10/2018,295.5000, ,295.5000,60.80
14/10/2018,294.8000, ,294.8000,78.95
11/10/2018,301.8000, ,301.8000,26.96
10/10/2018,316.7000, ,316.7000,2.60
09/10/2018,311.3000, ,311.3000,28.81
08/10/2018,319.1000, ,319.1000,0.00
07/10/2018,319.1000, ,319.1000,26.87
04/10/2018,320.6000, ,320.6000,19.37
03/10/2018,322.1000, ,322.1000,38.97
02/10/2018,322.1000, ,322.1000,331.39
27/09/2018,322.5000, ,322.5000,15.54
26/09/2018,317.5000, ,317.5000,7.07
25/09/2018,310.3000, ,310.3000,53.35
20/09/2018,310.0000, ,310.0000,134.39
17/09/2018,308.4000, ,308.4000,11.41
16/09/2018,301.0000, ,301.0000,38.48
13/09/2018,289.6000, ,289.6000,253.14
12/09/2018,298.7000, ,298.7000,401.22
06/09/2018,311.1000, ,311.1000,240.06
05/09/2018,321.0000, ,321.0000,142.75
04/09/2018,346.2000, ,346.2000,87.69
03/09/2018,354.4000, ,354.4000,23.99
02/09/2018,347.2000, ,347.2000,8.15
30/08/2018,346.4000, ,346.4000,121.68
29/08/2018,345.8000, ,345.8000,147.76
28/08/2018,353.4000, ,353.4000,916.03
27/08/2018,397.8000, ,397.8000,723.36
26/08/2018,398.6000, ,398.6000,969.46
23/08/2018,396.9000, ,396.9000,65.52
22/08/2018,398.8000, ,398.8000,147.96
21/08/2018,393.3000, ,393.3000,22.74
20/08/2018,396.1000, ,396.1000,11.95
19/08/2018,396.0000, ,396.0000,12.23
16/08/2018,391.2000, ,391.2000,37.02
15/08/2018,392.3000, ,392.3000,10.06
14/08/2018,382.2000, ,382.2000,56.60
13/08/2018,371.9000, ,371.9000,127.61
12/08/2018,370.1000, ,370.1000,430.76
09/08/2018,369.1000, ,369.1000,2076.66
08/08/2018,370.7000, ,370.7000,461.62
07/08/2018,362.8000, ,362.8000,340.73
06/08/2018,339.6000, ,339.6000,208.86
05/08/2018,314.8000, ,314.8000,61.77
02/08/2018,326.5000, ,326.5000,124.08
01/08/2018,326.6000, ,326.6000,94.56
31/07/2018,334.7000, ,334.7000,22.81
30/07/2018,330.0000, ,330.0000,11.03
29/07/2018,328.0000, ,328.0000,68.35
26/07/2018,306.8000, ,306.8000,32.34
25/07/2018,317.3000, ,317.3000,286.66
24/07/2018,335.1000, ,335.1000,532.99
23/07/2018,291.6000, ,291.6000,80.16
19/07/2018,294.3000, ,294.3000,188.71
18/07/2018,307.8000, ,307.8000,619.81
17/07/2018,312.4000, ,312.4000,48.72
16/07/2018,328.0000, ,328.0000,243.33
15/07/2018,349.2000, ,349.2000,152.18
12/07/2018,342.4000, ,342.4000,94.70
11/07/2018,349.0000, ,349.0000,324.08
10/07/2018,333.2000, ,333.2000,562.46
09/07/2018,299.7000, ,299.7000,16.20
08/07/2018,295.1000, ,295.1000,62.22
05/07/2018,297.0000, ,297.0000,196.06
04/07/2018,301.0000, ,301.0000,4.19
03/07/2018,302.7000, ,302.7000,251.92
02/07/2018,310.1000, ,310.1000,54.68
01/07/2018,324.8000, ,324.8000,1.98
28/06/2018,317.5000, ,317.5000,178.63
27/06/2018,332.7000, ,332.7000,67.38
26/06/2018,338.7000, ,338.7000,498.27
25/06/2018,354.4000, ,354.4000,45.34
24/06/2018,361.9000, ,361.9000,39.97
21/06/2018,362.2000, ,362.2000,16.71
20/06/2018,367.4000, ,367.4000,79.13
19/06/2018,367.8000, ,367.8000,0.81
18/06/2018,367.8000, ,367.8000,278.09
17/06/2018,369.8000, ,369.8000,205.53
14/06/2018,380.2000, ,380.2000,605.11
13/06/2018,389.2000, ,389.2000,693.70
12/06/2018,404.2000, ,404.2000,1255.24
11/06/2018,389.3000, ,389.3000,523.79
10/06/2018,389.2000, ,389.2000,309.62
07/06/2018,379.4000, ,379.4000,425.65
06/06/2018,402.6000, ,402.6000,1613.87
05/06/2018,370.6000, ,370.6000,1268.04
04/06/2018,327.7000, ,327.7000,344.86
03/06/2018,309.9000, ,309.9000,66.21
31/05/2018,305.0000, ,305.0000,913.63
30/05/2018,345.3000, ,345.3000,985.74
29/05/2018,362.8000, ,362.8000,177.10
28/05/2018,365.9000, ,365.9000,397.13
27/05/2018,340.3000, ,340.3000,546.68
24/05/2018,311.9000, ,311.9000,356.90
23/05/2018,288.2000, ,288.2000,83.21
22/05/2018,289.7000, ,289.7000,182.85
21/05/2018,288.6000, ,288.6000,105.98
17/05/2018,290.2000, ,290.2000,245.12
16/05/2018,290.0000, ,290.0000,72.23
15/05/2018,303.6000, ,303.6000,0.00
14/05/2018,303.6000, ,303.6000,35.69
13/05/2018,317.2000, ,317.2000,8.29
10/05/2018,312.4000, ,312.4000,22.31
09/05/2018,307.3000, ,307.3000,48.77
08/05/2018,319.6000, ,319.6000,128.16
07/05/2018,321.3000, ,321.3000,45.16
06/05/2018,322.7000, ,322.7000,165.79
03/05/2018,300.6000, ,300.6000,7.48
02/05/2018,302.0000, ,302.0000,130.91
01/05/2018,298.7000, ,298.7000,52.27
30/04/2018,286.2000, ,286.2000,314.85
29/04/2018,315.6000, ,315.6000,75.77
26/04/2018,328.2000, ,328.2000,34.33
25/04/2018,325.7000, ,325.7000,76.25
24/04/2018,332.4000, ,332.4000,137.00
23/04/2018,329.2000, ,329.2000,228.70
22/04/2018,336.2000, ,336.2000,445.30
17/04/2018,340.3000, ,340.3000,106.13
16/04/2018,355.9000, ,355.9000,254.69
15/04/2018,382.4000, ,382.4000,281.39
12/04/2018,365.3000, ,365.3000,130.34
11/04/2018,349.9000, ,349.9000,223.58
10/04/2018,343.6000, ,343.6000,101.92
09/04/2018,351.7000, ,351.7000,188.16
08/04/2018,362.2000, ,362.2000,44.24
04/04/2018,369.0000, ,369.0000,392.14
03/04/2018,353.9000, ,353.9000,145.78
02/04/2018,329.5000, ,329.5000,36.18
01/04/2018,334.1000, ,334.1000,78.69
29/03/2018,329.6000, ,329.6000,33.56
28/03/2018,340.1000, ,340.1000,202.74
27/03/2018,366.3000, ,366.3000,98.27
26/03/2018,352.8000, ,352.8000,242.66
25/03/2018,323.6000, ,323.6000,658.55
22/03/2018,361.3000, ,361.3000,551.82
21/03/2018,329.3000, ,329.3000,62.42
20/03/2018,332.6000, ,332.6000,73.52
19/03/2018,333.1000, ,333.1000,59.60
18/03/2018,327.0000, ,327.0000,151.74
15/03/2018,341.8000, ,341.8000,134.63
14/03/2018,350.6000, ,350.6000,390.98
13/03/2018,377.2000, ,377.2000,116.30
12/03/2018,378.5000, ,378.5000,26.78
11/03/2018,384.4000, ,384.4000,126.66
08/03/2018,380.5000, ,380.5000,19.95
07/03/2018,395.0000, ,395.0000,89.55
06/03/2018,392.5000, ,392.5000,191.28
05/03/2018,393.9000, ,393.9000,27.42
04/03/2018,388.2000, ,388.2000,133.60
28/02/2018,380.3000, ,380.3000,54.45
27/02/2018,394.5000, ,394.5000,187.32
26/02/2018,386.7000, ,386.7000,70.02
25/02/2018,385.9000, ,385.9000,351.18
22/02/2018,359.6000, ,359.6000,640.29
21/02/2018,403.1000, ,403.1000,60.15
20/02/2018,413.5000, ,413.5000,332.02
19/02/2018,422.4000, ,422.4000,85.21
18/02/2018,429.5000, ,429.5000,817.88
15/02/2018,436.8000, ,436.8000,885.23
14/02/2018,424.3000, ,424.3000,1361.43
13/02/2018,391.7000, ,391.7000,510.38
12/02/2018,378.1000, ,378.1000,663.69
11/02/2018,359.1000, ,359.1000,778.19
08/02/2018,343.7000, ,343.7000,855.39
07/02/2018,353.5000, ,353.5000,1674.85
06/02/2018,337.8000, ,337.8000,2626.35
05/02/2018,379.1000, ,379.1000,624.92
04/02/2018,378.0000, ,378.0000,1615.15
01/02/2018,378.3000, ,378.3000,582.38
31/01/2018,411.3000, ,411.3000,452.35
30/01/2018,422.7000, ,422.7000,414.02
29/01/2018,413.3000, ,413.3000,644.12
28/01/2018,401.3000, ,401.3000,184.01
25/01/2018,402.7000, ,402.7000,300.66
24/01/2018,410.0000, ,410.0000,301.46
23/01/2018,401.7000, ,401.7000,1504.79
22/01/2018,425.1000, ,425.1000,160.99
21/01/2018,440.9000, ,440.9000,420.53
18/01/2018,441.0000, ,441.0000,1095.66
17/01/2018,437.2000, ,437.2000,956.10
16/01/2018,447.8000, ,447.8000,2518.56
15/01/2018,471.8000, ,471.8000,2585.40
14/01/2018,445.6000, ,445.6000,1676.13
11/01/2018,417.8000, ,417.8000,1152.82
10/01/2018,425.0000, ,425.0000,2551.91
09/01/2018,377.0000, ,377.0000,698.02
08/01/2018,405.8000, ,405.8000,1160.51
07/01/2018,430.6000, ,430.6000,976.72
04/01/2018,458.7000, ,458.7000,7955.52
03/01/2018,429.6000, ,429.6000,4522.73
02/01/2018,383.6000, ,383.6000,933.05
01/01/2018,389.4000, ,389.4000,765.33
31/12/2017,383.8000, ,383.8000,1271.48
28/12/2017,435.9000, ,435.9000,1831.44
27/12/2017,452.5000, ,452.5000,2029.56
26/12/2017,457.6000, ,457.6000,5274.86
25/12/2017,500.0000, ,500.0000,13726.43
24/12/2017,425.0000, ,425.0000,8929.15
21/12/2017,248.1000, ,248.1000,1195.24
20/12/2017,273.5000, ,273.5000,2144.15
19/12/2017,388.0000, ,388.0000,4351.95
18/12/2017,513.2000, ,513.2000,23047.54
17/12/2017,860.0000, ,860.0000,24376.08
14/12/2017,244.0000, ,244.0000,15.78
13/12/2017,224.2000, ,224.2000,12.83
12/12/2017,207.0000, ,207.0000,6.47
11/12/2017,209.7000, ,209.7000,0.00
10/12/2017,209.7000, ,209.7000,0.21
07/12/2017,209.3000, ,209.3000,9.67
06/12/2017,205.8000, ,205.8000,0.00
05/12/2017,205.8000, ,205.8000,14.46
04/12/2017,211.3000, ,211.3000,0.57
03/12/2017,211.3000, ,211.3000,186.00
30/11/2017,221.0000, ,221.0000,0.00
29/11/2017,221.0000, ,221.0000,6.43
28/11/2017,225.4000, ,225.4000,0.00
27/11/2017,225.4000, ,225.4000,1.83
26/11/2017,220.2000, ,220.2000,7.14
23/11/2017,220.2000, ,220.2000,18.19
22/11/2017,224.8000, ,224.8000,4.76
21/11/2017,231.5000, ,231.5000,0.00
20/11/2017,231.5000, ,231.5000,0.00
19/11/2017,231.5000, ,231.5000,0.00
16/11/2017,231.5000, ,231.5000,6.81
15/11/2017,231.5000, ,231.5000,0.00
14/11/2017,231.5000, ,231.5000,11.89
13/11/2017,231.8000, ,231.8000,18.54
12/11/2017,231.8000, ,231.8000,0.00
09/11/2017,231.8000, ,231.8000,0.00
08/11/2017,231.8000, ,231.8000,0.00
07/11/2017,231.8000, ,231.8000,6.96
06/11/2017,236.8000, ,236.8000,0.00
05/11/2017,236.8000, ,236.8000,0.45
02/11/2017,236.8000, ,236.8000,6.78
01/11/2017,245.7000, ,245.7000,6.30
31/10/2017,251.6000, ,251.6000,0.03
30/10/2017,251.5000, ,251.5000,23.76
29/10/2017,243.3000, ,243.3000,26.59
26/10/2017,229.5000, ,229.5000,37.81
25/10/2017,217.8000, ,217.8000,100.49
24/10/2017,217.4000, ,217.4000,13.67
23/10/2017,219.7000, ,219.7000,0.00
22/10/2017,219.7000, ,219.7000,39.05
19/10/2017,223.8000, ,223.8000,60.68
18/10/2017,237.2000, ,237.2000,60.60
17/10/2017,220.8000, ,220.8000,43.22
16/10/2017,203.2000, ,203.2000,33.55
15/10/2017,186.4000, ,186.4000,23.12
10/10/2017,187.5000, ,187.5000,56.48
09/10/2017,192.0000, ,192.0000,0.00
08/10/2017,192.0000, ,192.0000,2.11
03/10/2017,190.1000, ,190.1000,0.00
02/10/2017,190.1000, ,190.1000,0.00
01/10/2017,190.1000, ,190.1000,0.00
28/09/2017,190.1000, ,190.1000,0.00
27/09/2017,190.1000, ,190.1000,0.00
26/09/2017,190.1000, ,190.1000,0.00
25/09/2017,190.1000, ,190.1000,0.00
24/09/2017,190.1000, ,190.1000,0.00
19/09/2017,190.1000, ,190.1000,6.93
18/09/2017,192.4000, ,192.4000,0.68
17/09/2017,192.4000, ,192.4000,0.28
14/09/2017,192.8000, ,192.8000,4.15
13/09/2017,194.8000, ,194.8000,8.10
12/09/2017,188.7000, ,188.7000,2.85
11/09/2017,186.7000, ,186.7000,0.00
10/09/2017,186.7000, ,186.7000,0.00
07/09/2017,186.7000, ,186.7000,0.00
06/09/2017,186.7000, ,186.7000,0.00
05/09/2017,186.7000, ,186.7000,5.05
04/09/2017,188.6000, ,188.6000,3.77
03/09/2017,186.7000, ,186.7000,4.01
31/08/2017,190.8000, ,190.8000,0.00
30/08/2017,190.8000, ,190.8000,0.00
29/08/2017,190.8000, ,190.8000,0.00
28/08/2017,190.8000, ,190.8000,0.00
27/08/2017,190.8000, ,190.8000,0.00
24/08/2017,190.8000, ,190.8000,0.00
23/08/2017,190.8000, ,190.8000,10.36
22/08/2017,198.7000, ,198.7000,3.66
21/08/2017,202.0000, ,202.0000,0.00
20/08/2017,202.0000, ,202.0000,0.00
17/08/2017,202.0000, ,202.0000,4.71
16/08/2017,207.8000, ,207.8000,13.42
15/08/2017,221.7000, ,221.7000,7.97
14/08/2017,225.1000, ,225.1000,31.56
13/08/2017,216.3000, ,216.3000,136.71
10/08/2017,215.4000, ,215.4000,11.47
09/08/2017,215.7000, ,215.7000,39.83
08/08/2017,245.8000, ,245.8000,3.05
07/08/2017,251.9000, ,251.9000,3.40
06/08/2017,257.8000, ,257.8000,10.00
03/08/2017,257.8000, ,257.8000,0.00
02/08/2017,257.8000, ,257.8000,16.68
31/07/2017,270.0000, ,270.0000,0.00
30/07/2017,270.0000, ,270.0000,0.00
27/07/2017,270.0000, ,270.0000,8.01
26/07/2017,263.7000, ,263.7000,0.00
25/07/2017,263.7000, ,263.7000,18.02
24/07/2017,260.5000, ,260.5000,9.01
23/07/2017,254.3000, ,254.3000,18.58
20/07/2017,247.9000, ,247.9000,14.00
19/07/2017,255.9000, ,255.9000,17.10
18/07/2017,263.3000, ,263.3000,40.16
17/07/2017,283.0000, ,283.0000,60.30
16/07/2017,287.8000, ,287.8000,10.80
13/07/2017,293.0000, ,293.0000,29.12
12/07/2017,289.8000, ,289.8000,49.66
11/07/2017,296.3000, ,296.3000,217.38
10/07/2017,261.1000, ,261.1000,7.75
09/07/2017,260.1000, ,260.1000,49.52
06/07/2017,249.5000, ,249.5000,38.78
05/07/2017,254.2000, ,254.2000,32.82
04/07/2017,248.9000, ,248.9000,53.41
03/07/2017,247.8000, ,247.8000,97.76
02/07/2017,265.1000, ,265.1000,260.43
29/06/2017,214.8000, ,214.8000,7.30
28/06/2017,220.0000, ,220.0000,0.00
27/06/2017,220.0000, ,220.0000,0.00
26/06/2017,220.0000, ,220.0000,8.80
25/06/2017,223.2000, ,223.2000,0.00
22/06/2017,223.2000, ,223.2000,0.45
21/06/2017,223.2000, ,223.2000,1.44
20/06/2017,223.5000, ,223.5000,8.16
19/06/2017,229.1000, ,229.1000,13.75
18/06/2017,229.9000, ,229.9000,16.28
15/06/2017,229.6000, ,229.6000,9.27
14/06/2017,235.4000, ,235.4000,81.84
13/06/2017,242.4000, ,242.4000,20.83
12/06/2017,242.8000, ,242.8000,26.82
11/06/2017,242.2000, ,242.2000,22.71
08/06/2017,235.4000, ,235.4000,27.56
07/06/2017,227.5000, ,227.5000,62.88
06/06/2017,211.2000, ,211.2000,66.42
05/06/2017,205.4000, ,205.4000,48.39
04/06/2017,196.5000, ,196.5000,4.91
01/06/2017,197.4000, ,197.4000,2.22
29/05/2017,195.4000, ,195.4000,19.87
28/05/2017,205.5000, ,205.5000,19.36
25/05/2017,200.1000, ,200.1000,56.42
24/05/2017,194.1000, ,194.1000,57.39
23/05/2017,179.0000, ,179.0000,0.00
22/05/2017,179.0000, ,179.0000,0.00
21/05/2017,179.0000, ,179.0000,12.35
18/05/2017,169.8000, ,169.8000,0.52
17/05/2017,169.4000, ,169.4000,6.76
16/05/2017,174.1000, ,174.1000,0.09
15/05/2017,173.9000, ,173.9000,13.03
14/05/2017,180.8000, ,180.8000,25.99
11/05/2017,194.5000, ,194.5000,186.17
10/05/2017,154.8000, ,154.8000,28.22
09/05/2017,151.0000, ,151.0000,11.86
08/05/2017,154.7000, ,154.7000,0.00
07/05/2017,154.7000, ,154.7000,0.00
04/05/2017,154.7000, ,154.7000,0.00
03/05/2017,154.7000, ,154.7000,0.00
30/04/2017,154.7000, ,154.7000,0.00
27/04/2017,154.7000, ,154.7000,0.00
26/04/2017,154.7000, ,154.7000,0.00
25/04/2017,154.7000, ,154.7000,0.31
24/04/2017,154.2000, ,154.2000,0.00
23/04/2017,154.2000, ,154.2000,0.00
20/04/2017,154.2000, ,154.2000,3.24
19/04/2017,155.3000, ,155.3000,0.00
18/04/2017,155.3000, ,155.3000,0.39
13/04/2017,155.3000, ,155.3000,0.00
12/04/2017,155.3000, ,155.3000,1.09
09/04/2017,155.3000, ,155.3000,3.57
06/04/2017,158.8000, ,158.8000,14.82
05/04/2017,159.8000, ,159.8000,0.00
04/04/2017,159.8000, ,159.8000,0.00
03/04/2017,159.8000, ,159.8000,21.07
02/04/2017,169.6000, ,169.6000,1.01
30/03/2017,169.6000, ,169.6000,0.00
29/03/2017,169.6000, ,169.6000,11.61
28/03/2017,176.6000, ,176.6000,85.69
27/03/2017,178.1000, ,178.1000,0.00
26/03/2017,178.1000, ,178.1000,0.00
23/03/2017,178.1000, ,178.1000,3.28
22/03/2017,180.4000, ,180.4000,0.27
21/03/2017,180.4000, ,180.4000,1.66
20/03/2017,180.3000, ,180.3000,0.00
19/03/2017,180.3000, ,180.3000,2.12
16/03/2017,180.9000, ,180.9000,23.99
15/03/2017,187.0000, ,187.0000,0.19
14/03/2017,186.6000, ,186.6000,14.55
13/03/2017,190.9000, ,190.9000,10.23
09/03/2017,193.1000, ,193.1000,4.48
08/03/2017,198.9000, ,198.9000,13.39
07/03/2017,207.8000, ,207.8000,0.00
06/03/2017,207.8000, ,207.8000,8.42
05/03/2017,213.2000, ,213.2000,11.27
02/03/2017,217.9000, ,217.9000,0.00
01/03/2017,217.9000, ,217.9000,0.00
28/02/2017,217.9000, ,217.9000,0.00
27/02/2017,217.9000, ,217.9000,0.00
26/02/2017,217.9000, ,217.9000,0.22
23/02/2017,218.2000, ,218.2000,0.00
22/02/2017,218.2000, ,218.2000,0.05
21/02/2017,218.1000, ,218.1000,23.99
20/02/2017,224.0000, ,224.0000,0.73
19/02/2017,225.1000, ,225.1000,61.05
16/02/2017,233.7000, ,233.7000,6.48
15/02/2017,241.0000, ,241.0000,0.00
14/02/2017,241.0000, ,241.0000,110.24
13/02/2017,241.9000, ,241.9000,58.73
12/02/2017,243.2000, ,243.2000,165.61
09/02/2017,225.0000, ,225.0000,126.74
08/02/2017,253.2000, ,253.2000,47.72
07/02/2017,260.6000, ,260.6000,65.79
06/02/2017,278.0000, ,278.0000,123.37
05/02/2017,280.2000, ,280.2000,335.00
02/02/2017,261.2000, ,261.2000,476.65
01/02/2017,211.7000, ,211.7000,9.91
31/01/2017,214.7000, ,214.7000,24.06
30/01/2017,225.8000, ,225.8000,8.94
29/01/2017,230.9000, ,230.9000,35.98
26/01/2017,236.9000, ,236.9000,14.14
25/01/2017,239.1000, ,239.1000,10.56
24/01/2017,243.7000, ,243.7000,54.52
23/01/2017,243.7000, ,243.7000,148.56
22/01/2017,240.5000, ,240.5000,46.40
19/01/2017,255.9000, ,255.9000,41.96
18/01/2017,262.3000, ,262.3000,68.54
17/01/2017,286.5000, ,286.5000,118.95
16/01/2017,313.0000, ,313.0000,291.81
15/01/2017,337.9000, ,337.9000,472.93
12/01/2017,342.1000, ,342.1000,1694.69
11/01/2017,306.6000, ,306.6000,1535.86
10/01/2017,238.0000, ,238.0000,580.10
09/01/2017,158.0000, ,158.0000,2.16
08/01/2017,154.4000, ,154.4000,0.08
05/01/2017,154.4000, ,154.4000,1.01
04/01/2017,154.4000, ,154.4000,0.00
03/01/2017,154.4000, ,154.4000,0.00
02/01/2017,154.4000, ,154.4000,1.80
01/01/2017,154.4000, ,154.4000,2.26
29/12/2016,153.7000, ,153.7000,43.81
28/12/2016,149.8000, ,149.8000,33.03
27/12/2016,151.6000, ,151.6000,30.36
26/12/2016,154.0000, ,154.0000,20.06
25/12/2016,156.2000, ,156.2000,0.06
22/12/2016,156.2000, ,156.2000,17.25
21/12/2016,160.7000, ,160.7000,10.79
20/12/2016,160.4000, ,160.4000,0.10
19/12/2016,160.4000, ,160.4000,5.43
18/12/2016,164.4000, ,164.4000,13.59
15/12/2016,168.1000, ,168.1000,25.49
14/12/2016,163.7000, ,163.7000,0.03
13/12/2016,163.7000, ,163.7000,39.33
12/12/2016,163.7000, ,163.7000,65.44
11/12/2016,160.6000, ,160.6000,32.80
08/12/2016,163.2000, ,163.2000,40.87
07/12/2016,163.4000, ,163.4000,7.49
06/12/2016,168.5000, ,168.5000,0.25
05/12/2016,168.5000, ,168.5000,3.15
04/12/2016,172.9000, ,172.9000,6.99
01/12/2016,178.7000, ,178.7000,0.18
30/11/2016,178.7000, ,178.7000,15.85
29/11/2016,187.0000, ,187.0000,11.87
28/11/2016,192.4000, ,192.4000,0.00
27/11/2016,192.4000, ,192.4000,12.52
24/11/2016,195.5000, ,195.5000,0.52
23/11/2016,195.5000, ,195.5000,2.67
22/11/2016,195.5000, ,195.5000,109.02
21/11/2016,194.0000, ,194.0000,31.25
20/11/2016,197.3000, ,197.3000,115.88
17/11/2016,183.0000, ,183.0000,6.61
16/11/2016,185.3000, ,185.3000,2.48
15/11/2016,185.3000, ,185.3000,2.95
14/11/2016,185.3000, ,185.3000,3.29
13/11/2016,185.3000, ,185.3000,14.39
10/11/2016,183.6000, ,183.6000,26.00
09/11/2016,185.5000, ,185.5000,2.11
08/11/2016,186.9000, ,186.9000,0.32
07/11/2016,186.8000, ,186.8000,1.04
06/11/2016,186.8000, ,186.8000,2.98
03/11/2016,191.5000, ,191.5000,0.15
02/11/2016,191.5000, ,191.5000,0.03
01/11/2016,191.5000, ,191.5000,0.38
31/10/2016,191.3000, ,191.3000,0.00
30/10/2016,191.3000, ,191.3000,2.83
27/10/2016,196.1000, ,196.1000,2.03
26/10/2016,195.8000, ,195.8000,10.87
25/10/2016,199.6000, ,199.6000,15.41
20/10/2016,206.7000, ,206.7000,8.10
19/10/2016,209.0000, ,209.0000,18.82
18/10/2016,212.1000, ,212.1000,54.33
13/10/2016,238.0000, ,238.0000,12.01
10/10/2016,245.2000, ,245.2000,10.24
09/10/2016,252.6000, ,252.6000,11.27
06/10/2016,259.1000, ,259.1000,155.14
05/10/2016,278.7000, ,278.7000,590.68
29/09/2016,236.3000, ,236.3000,66.29
28/09/2016,224.6000, ,224.6000,4.32
27/09/2016,224.8000, ,224.8000,1.10
26/09/2016,221.8000, ,221.8000,13.60
25/09/2016,222.3000, ,222.3000,88.52
22/09/2016,215.5000, ,215.5000,8.59
21/09/2016,214.7000, ,214.7000,8.26
20/09/2016,214.4000, ,214.4000,6.30
19/09/2016,212.9000, ,212.9000,34.21
18/09/2016,228.2000, ,228.2000,8.73
15/09/2016,233.2000, ,233.2000,30.17
14/09/2016,247.8000, ,247.8000,4.26
13/09/2016,247.9000, ,247.9000,5.57
12/09/2016,247.1000, ,247.1000,15.31
11/09/2016,253.1000, ,253.1000,5.63
08/09/2016,262.9000, ,262.9000,11.85
07/09/2016,267.9000, ,267.9000,36.20
06/09/2016,288.9000, ,288.9000,2.29
05/09/2016,290.3000, ,290.3000,16.42
04/09/2016,301.8000, ,301.8000,56.29
01/09/2016,313.2000, ,313.2000,306.21
31/08/2016,385.8000, ,385.8000,44.67
30/08/2016,414.5000, ,414.5000,69.54
29/08/2016,457.7000, ,457.7000,13.09
28/08/2016,466.4000, ,466.4000,19.77
25/08/2016,481.5000, ,481.5000,7.83
24/08/2016,485.5000, ,485.5000,0.08
23/08/2016,485.5000, ,485.5000,0.18
22/08/2016,485.5000, ,485.5000,16.35
21/08/2016,489.9000, ,489.9000,0.07
18/08/2016,489.9000, ,489.9000,0.09
17/08/2016,489.9000, ,489.9000,7.10
16/08/2016,496.5000, ,496.5000,2.97
15/08/2016,499.0000, ,499.0000,9.60
11/08/2016,503.5000, ,503.5000,8.06
10/08/2016,510.0000, ,510.0000,2.58
09/08/2016,510.0000, ,510.0000,0.00
08/08/2016,510.0000, ,510.0000,8.91
07/08/2016,510.3000, ,510.3000,1.31
04/08/2016,510.3000, ,510.3000,24.21
03/08/2016,512.0000, ,512.0000,0.00
02/08/2016,512.0000, ,512.0000,11.27
01/08/2016,515.7000, ,515.7000,15.08
31/07/2016,506.4000, ,506.4000,21.17
28/07/2016,500.0000, ,500.0000,2.51
27/07/2016,500.6000, ,500.6000,7.50
26/07/2016,489.4000, ,489.4000,11.48
25/07/2016,484.1000, ,484.1000,6.96
24/07/2016,480.1000, ,480.1000,2.82
21/07/2016,478.1000, ,478.1000,11.18
20/07/2016,475.3000, ,475.3000,6.22
19/07/2016,481.1000, ,481.1000,0.04
18/07/2016,481.1000, ,481.1000,23.68
17/07/2016,474.7000, ,474.7000,12.51
14/07/2016,470.1000, ,470.1000,55.52
13/07/2016,484.9000, ,484.9000,0.00
12/07/2016,484.9000, ,484.9000,15.13
11/07/2016,492.6000, ,492.6000,8.09
10/07/2016,489.3000, ,489.3000,16.19
07/07/2016,496.6000, ,496.6000,15.52
06/07/2016,495.0000, ,495.0000,0.00
05/07/2016,495.0000, ,495.0000,8.02
04/07/2016,496.8000, ,496.8000,20.39
03/07/2016,503.5000, ,503.5000,1.31
30/06/2016,504.7000, ,504.7000,20.68
29/06/2016,520.8000, ,520.8000,12.19
28/06/2016,523.8000, ,523.8000,0.00
27/06/2016,523.8000, ,523.8000,0.42
26/06/2016,523.8000, ,523.8000,21.89
23/06/2016,537.1000, ,537.1000,6.59
22/06/2016,542.0000, ,542.0000,10.30
21/06/2016,555.5000, ,555.5000,6.91
20/06/2016,556.5000, ,556.5000,0.07
19/06/2016,556.5000, ,556.5000,0.00
16/06/2016,556.5000, ,556.5000,9.03
15/06/2016,566.3000, ,566.3000,0.00
14/06/2016,566.3000, ,566.3000,7.94
13/06/2016,569.8000, ,569.8000,0.57
